original_string	phrase	book	volume	pages
Et regressus iesus in virtute spiritus in galileam ( Lc 4, 14)	Et regressus iesus in virtute spiritus in galileam		4	14
Et ascendente iesu ... mari ( Mt 8, 23-24)	Et ascendente iesu ... mari		8	23-24
Nemo potest ... servire ( Lc 16, 13)	Nemo potest ... servire		16	13
Attendite a falsis prophetis qui veniunt ... rapaces ( Mt  7, 15)	Attendite a falsis prophetis qui veniunt ... rapaces		7	15
In illo tempore cum audisset iohannes in vinculis ... expectamus ( Mt. 11, 2-3)	In illo tempore cum audisset iohannes in vinculis ... expectamus		11	2-3
In illo tempore miserunt iudei … et reliqua ( Gv 1, 19-20)	In illo tempore miserunt iudei … et reliqua		1	19-20
Lc 3, 1-2	Lc 3, 1-2	-	3	-
Factum est autem ... stagnum genesareth	Factum est autem ... stagnum genesareth	-	-	-
Quis ex vobis inquit … quae erravit	Quis ex vobis inquit … quae erravit	-	-	-
Et ascendens iesus hierusolimam assumpsit duodecim discipulos suos seorsum itinere	Et ascendens iesus hierusolimam assumpsit duodecim discipulos suos seorsum itinere	-	-	-
Accesserunt ad iesum scribae et pharisaei dicentes magister volumus a te signum videre Cfr. Mt 12, 38	Accesserunt ad iesum scribae et pharisaei dicentes magister volumus a te signum videre Cfr. Mt 12, 38	-	12	-
per eum qui …. Amen	per eum qui …. Amen	-	-	-
Ecce ego mitto ad vos prophetas ...	Ecce ego mitto ad vos prophetas ...	-	-	-
Descendente Iesu de monte ...	Descendente Iesu de monte ...	-	-	-
Tunc vespere sabbati que lucescit in prima sabbati	Tunc vespere sabbati que lucescit in prima sabbati	-	-	-
Cum ergo esset sero die illo una sabbatorum ...  et latus	Cum ergo esset sero die illo una sabbatorum ...  et latus	-	-	-
Dixit Ihesus Simoni Petro… et ducet quo non vis	Dixit Ihesus Simoni Petro… et ducet quo non vis	-	-	-
Nemo potest duobus domini servire	Nemo potest duobus domini servire	-	-	-
Et cum introisset Ierosolymam … et reliqua	Et cum introisset Ierosolymam … et reliqua	-	-	-
Postquam consumati sunt die octo ...	Postquam consumati sunt die octo ...	-	-	-
Et factum est dum intraret in domum cuiusdam principis phariseorum sabbato manducare panem et ipsi observabant eum et ecce homo quidam ydropicus erat	Et factum est dum intraret in domum cuiusdam principis phariseorum sabbato manducare panem et ipsi observabant eum et ecce homo quidam ydropicus erat	-	-	-
Ascendens autem iesus in unam navem … aliquantulum	Ascendens autem iesus in unam navem … aliquantulum	-	-	-
Aperiens autem Petrus os suum dixit: in veritate comperi …  personarum acceptor Deus … verba in quibus salvus eris … domus tua (At 10, 34-11, 14)	Aperiens autem Petrus os suum dixit: in veritate comperi …  personarum acceptor Deus … verba in quibus salvus eris … domus tua	At	10	14
Fratres, obsecro vos, ne deficiatis in tribulationibus meis pro vobis quae est gloria vestra (Cfr. Ef 3, 13)	Fratres, obsecro vos, ne deficiatis in tribulationibus meis pro vobis quae est gloria vestra	Cfr.	3	13
Ideo dico vobis: nolite solliciti esse animae … vestiamini (Cfr. Mt 6, 25)	Ideo dico vobis: nolite solliciti esse animae … vestiamini	Cfr.	6	25
Videte quomodo caute ambuletis non ut insipientes sed ut sapientes (Ef 5, 15-16)	Videte quomodo caute ambuletis non ut insipientes sed ut sapientes	Ef	5	15-16
Renovamini autem spiritu sensus … in iustitia et sanctitate veritatis (Ef 4, 23-24)	Renovamini autem spiritu sensus … in iustitia et sanctitate veritatis	Ef	4	23-24
Obsecro vos itaque ego vinctus … qua vocati estis (Ef 4, 1)	Obsecro vos itaque ego vinctus … qua vocati estis	Ef	4	1
Fratres scriptum est quem habraam duos filios habuit unum de ancilla et unum de libera (Ep. Gal. 4, 22)	Fratres scriptum est quem habraam duos filios habuit unum de ancilla et unum de libera	Ep.	4	22
Calciati [mancano le prime tre lettere della parola iniziale] pedes in preparatione evangelii pacis (Eph. 6, 15)	Calciati [mancano le prime tre lettere della parola iniziale] pedes in preparatione evangelii pacis	Eph.	6	15
[Fratres] convenientibus  vobis in unum  iam non est dominicam cena manducare (Epis. Cor. 11, 22)	[Fratres] convenientibus  vobis in unum  iam non est dominicam cena manducare	Epis.	11	22
Existimo enim quod non sunt condignae … que revelabitur in nobis (Epist. ad Rom, 8, 18)	Existimo enim quod non sunt condignae … que revelabitur in nobis	Epist.	8	18
Dico autem vobis, dilectissimi fratres: Spiritu ambulate et desideria carnis  perficientis (Gal 5, 16)	Dico autem vobis, dilectissimi fratres: Spiritu ambulate et desideria carnis  perficientis	Gal	5	16
Si spiritu vivimus spiritu et ambulemus et caetera (Gal 5,25)	Si spiritu vivimus spiritu et ambulemus et caetera	Gal	5	25
Fratres spiritus ambulate et desideria carnis non perficietis (Gal 5, 16)	Fratres spiritus ambulate et desideria carnis non perficietis	Gal	5	16
De quo igne dicitur et in Iob devoravit eum ignis qui non succenditur (Gb 20, 26)	De quo igne dicitur et in Iob devoravit eum ignis qui non succenditur	Gb	20	26
Devorabit eum ignis qui non succenditur (Gb 20, 26)	Devorabit eum ignis qui non succenditur	Gb	20	26
Miserunt principes … eum (Gv 7, 32)	Miserunt principes … eum	Gv	7	32
Cogitaverunt autem principes sacerdotum… et credebant in Iesum (Gv 11, 53)	Cogitaverunt autem principes sacerdotum… et credebant in Iesum	Gv	11	53
Iesus ante sex dies paschae… discumbentibus erat  (Gv 12, 1-2)	Iesus ante sex dies paschae… discumbentibus erat	Gv	12	1-2
Quis ex vobis arguet me de peccato (Gv 8, 46)	Quis ex vobis arguet me de peccato	Gv	8	46
Una autem sabbati maria magdalenae … monumento (Gv 20, 1)	Una autem sabbati maria magdalenae … monumento	Gv	20	1
Cum esset ergo sero die…et latus (Gv 20, 19-20)	Cum esset ergo sero die…et latus	Gv	20	19-20
Ante diem autem festum pasche, sciens iesus … dilexit eos (Gv 13, 1)	Ante diem autem festum pasche, sciens iesus … dilexit eos	Gv	13	1
Venit autem Ihesum in civitate Samarie que dicitur Sichar … Iacob. (Gv 4, 5)	Venit autem Ihesum in civitate Samarie que dicitur Sichar … Iacob.	Gv	4	5
Cum prandisset iesus … esset deum (Gv 21, 15- 19)	Cum prandisset iesus … esset deum	Gv	21	15- 19
Dicit iesus simoni petro ... non vis (Gv 21, 15-18)	Dicit iesus simoni petro ... non vis	Gv	21	15-18
Cena inquid facta cum diabolus iam misisset in cor … erat precinctus (Gv 13, 2-5)	Cena inquid facta cum diabolus iam misisset in cor … erat precinctus	Gv	13	2-5
Audistis fratres karissimi in lectione evangelica quod quidam regulus cuius filius ... inquit mori (Gv 4, 46-47)	Audistis fratres karissimi in lectione evangelica quod quidam regulus cuius filius ... inquit mori	Gv	4	46-47
Collegerunt pontifices… quid facimus (Gv 11, 47)	Collegerunt pontifices… quid facimus	Gv	11	47
Collegerunt pontifices et pharisaeis consilium et dicebant quid facimus (Gv 11, 47)	Collegerunt pontifices et pharisaeis consilium et dicebant quid facimus	Gv	11	47
Collegerunt pontifices et phariseis consilium et dicebant quid faciamus (Gv 11, 47)	Collegerunt pontifices et phariseis consilium et dicebant quid faciamus	Gv	11	47
Collegerunt pontifices … et dicebant quid facimus (Gv 11, 47)	Collegerunt pontifices … et dicebant quid facimus	Gv	11	47
Et ecce quidam regulus… inquit mori (Gv 4, 46-47)	Et ecce quidam regulus… inquit mori	Gv	4	46-47
Sic enim dilexit ... daret (Gv 3, 16)	Sic enim dilexit ... daret	Gv	3	16
Iesus ergo ante sex … discumbentibus (Gv 12, 1-2)	Iesus ergo ante sex … discumbentibus	Gv	12	1-2
Cum esse sero die illo una sabbatorum …latus (Gv 20, 19-20)	Cum esse sero die illo una sabbatorum …latus	Gv	20	19-20
Audistis fratres karissimi in lectione evangelica quod quidam regulus ... inquit mori (Gv 4, 46-47)	Audistis fratres karissimi in lectione evangelica quod quidam regulus ... inquit mori	Gv	4	46-47
Ecce quidam regulus cuius filius … enim mori. (Gv 4, 46-47)	Ecce quidam regulus cuius filius … enim mori.	Gv	4	46-47
Cum lavaret dominus … pedes? (Gv 13, 5-7)	Cum lavaret dominus … pedes?	Gv	13	5-7
Iesus ante sex dies … discumbentibus (Gv 12, 1-2)	Iesus ante sex dies … discumbentibus	Gv	12	1-2
Cogitaverunt … Iesum (Gv 12, 10-11)	Cogitaverunt … Iesum	Gv	12	10-11
Collegerunt ergo ... facimus (Gv 11, 47)	Collegerunt ergo ... facimus	Gv	11	47
Quis ex vobis arguit me de peccato? (Gv 8, 46)	Quis ex vobis arguit me de peccato?	Gv	8	46
Cum esset sero die illo … et latus (Gv 20, 19-20)	Cum esset sero die illo … et latus	Gv	20	19-20
Hoc est preceptum meum ut diligatis invicem sicut dilexi vos (Gv 15, 12)	Hoc est preceptum meum ut diligatis invicem sicut dilexi vos	Gv	15	12
Quis ex vobis arguit me de peccato (Gv 8, 46)	Quis ex vobis arguit me de peccato	Gv	8	46
Venit autem  Ihesus in civitatem Samariae … autem ibi fons Iacob (Gv 4, 5-6)	Venit autem  Ihesus in civitatem Samariae … autem ibi fons Iacob	Gv	4	5-6
Miserunt principes et pharisaei ministros ut appraehenderent Ihesum (Gv 7, 32)	Miserunt principes et pharisaei ministros ut appraehenderent Ihesum	Gv	7	32
Iudei ergo quoniam parasceve erat … et tollerentur (Gv 19, 31)	Iudei ergo quoniam parasceve erat … et tollerentur	Gv	19	31
Et ecce quidam regulus … incipiebat inquit mori (Gv 4, 46-47)	Et ecce quidam regulus … incipiebat inquit mori	Gv	4	46-47
Quis ex vobis arguit me de peccato … non estis (Gv 8, 46-47)	Quis ex vobis arguit me de peccato … non estis	Gv	8	46-47
Collegerunt pontifices et pharisaei concilium et dicebant quid faciamus (Gv 11, 47)	Collegerunt pontifices et pharisaei concilium et dicebant quid faciamus	Gv	11	47
Amen amen dico vobis nisi granum … fructum affert (Gv 12, 24-25)	Amen amen dico vobis nisi granum … fructum affert	Gv	12	24-25
Si diligitis me … spiritus veritatis (Gv	Si diligitis me … spiritus veritatis	Gv	-	-
Cum esset sero die illo una sabbatorum ... et latus (Gv 20, 19-20)	Cum esset sero die illo una sabbatorum ... et latus	Gv	20	19-20
Et ecce quidam regulus … mori (Gv 4, 46-47)	Et ecce quidam regulus … mori	Gv	4	46-47
Collegerunt pontifices et pharisei concilium et dicebat quid facimus? (Gv 11, 47)	Collegerunt pontifices et pharisei concilium et dicebat quid facimus?	Gv	11	47
Ihesus ante sex dies … erat (Gv 12, 1-2)	Ihesus ante sex dies … erat	Gv	12	1-2
Erat homo ex phariseis Nichodemus … Rabbi (Gv 3, 1-2)	Erat homo ex phariseis Nichodemus … Rabbi	Gv	3	1-2
Et ecce quidam regulus… et sanaret filium eius incipiebat inquid mori (Gv 4, 46-47)	Et ecce quidam regulus… et sanaret filium eius incipiebat inquid mori	Gv	4	46-47
Cogitaverunt autem principes sacerdotum … credebant in Iesum (Gv 12, 10)	Cogitaverunt autem principes sacerdotum … credebant in Iesum	Gv	12	10
Miserunt principes et phariseis … Ihesus. (Gv 7, 32)	Miserunt principes et phariseis … Ihesus.	Gv	7	32
Collegerunt pontifices … facimus (Gv 11, 47)	Collegerunt pontifices … facimus	Gv	11	47
Amen amen dico vobis: nisi granum  frumenti cadens in terra  … offert (Gv 12, 24-25)	Amen amen dico vobis: nisi granum  frumenti cadens in terra  … offert	Gv	12	24-25
Dixit Iesus Simoni Petro ... et ducet quo tu non vis (Gv 21, 15-18)	Dixit Iesus Simoni Petro ... et ducet quo tu non vis	Gv	21	15-18
Et ecce quidam regulus cuius filius infirmabatur … incipiebat enim inquid mori (Gv. 4, 46-47)	Et ecce quidam regulus cuius filius infirmabatur … incipiebat enim inquid mori	Gv.	4	46-47
Si diligitis me … veritatis. (Io 14, 15-17)	Si diligitis me … veritatis.	Io	14	15-17
Si abstuleris de medio tui catenam ... meridies(Is 58, 9-10)	Si abstuleris de medio tui catenam ... meridies	Is	58	9-10
Et factum est cum intraret ... illum (Lc 14, 1-2)	Et factum est cum intraret ... illum	Lc	14	1-2
Factum est in una dierum ... sedentes (Lc 5, 17) et caetera	Factum est in una dierum ... sedentes	Lc	5	17
Ecce vir venit … erat  (Lc 8, 41)	Ecce vir venit … erat	Lc	8	41
Et observantes miserunt ... praesidis (Lc 20, 20)	Et observantes miserunt ... praesidis	Lc	20	20
Adtendite a fermento … ypocrisis. (Lc 12, 1)	Adtendite a fermento … ypocrisis.	Lc	12	1
Exurgens autem Maria in diebus … Elisabeth (Lc 1, 39-40)	Exurgens autem Maria in diebus … Elisabeth	Lc	1	39-40
Factum est cum appropinquantes … mendicans (Lc 18, 35)	Factum est cum appropinquantes … mendicans	Lc	18	35
Ecce ego mitto vos … lupos (Lc 10, 3)	Ecce ego mitto vos … lupos	Lc	10	3
Et ingressus perambulabat ... Deum (Lc 19, 1-4; 18, 27)	Et ingressus perambulabat ... Deum	Lc	19	27
Regressus est iesus ... ab omnibus (Lc 4, 14-15)	Regressus est iesus ... ab omnibus	Lc	4	14-15
Et cum facti essent iesu anni duodecim (Lc 2, 42)	Et cum facti essent iesu anni duodecim	Lc	2	42
Et ut perfecerunt omnia saecundum legem … suam Nazareth (Lc 2,39)	Et ut perfecerunt omnia saecundum legem … suam Nazareth	Lc	2	39
Quanta audivimus facta in Capharnaum … patria tua (Lc 4, 23)	Quanta audivimus facta in Capharnaum … patria tua	Lc	4	23
Socrus Symonis Petri tenebatur magnis febribus (Lc 4, 38)	Socrus Symonis Petri tenebatur magnis febribus	Lc	4	38
Et factum est: deinceps ibat civitatem quae vocatur Naim (Lc 7, 11)	Et factum est: deinceps ibat civitatem quae vocatur Naim	Lc	7	11
Et ipse elevatis oculis ... Dei (Lc 6, 20)	Et ipse elevatis oculis ... Dei	Lc	6	20
Et regressus est … Galileam (Lc 4,14)	Et regressus est … Galileam	Lc	4	14
Factum est autem cum turbae … Genesareth (Lc 5, 1)	Factum est autem cum turbae … Genesareth	Lc	5	1
Extollens vocem quaedam mulier de turba …suxisti (Lc 11, 27)	Extollens vocem quaedam mulier de turba …suxisti	Lc	11	27
Post hos autem dies … homines (Lc 1, 24-25)	Post hos autem dies … homines	Lc	1	24-25
Apparuit autem illi angelus … incensi (Lc 1, 11)	Apparuit autem illi angelus … incensi	Lc	1	11
Dicebat autem dominus iesus ad discipulos suos … in domos suas (Lc 16, 1-4)	Dicebat autem dominus iesus ad discipulos suos … in domos suas	Lc	16	1-4
Quanta audivimus facta in Capharnaum (Lc 4, 23)	Quanta audivimus facta in Capharnaum	Lc	4	23
Ecce quidam legis peritus ... possidebo (Lc 10, 25)	Ecce quidam legis peritus ... possidebo	Lc	10	25
Factum est autem ... incensi (Lc 1, 8-10)	Factum est autem ... incensi	Lc	1	8-10
Ascendens autem Iesus in unam navim … aliquantulum (Lc 5, 3)	Ascendens autem Iesus in unam navim … aliquantulum	Lc	5	3
Regressus est Iesus … omnibus (Lc 4, 14-15)	Regressus est Iesus … omnibus	Lc	4	14-15
Quis horum trium videtur ... in illum (Lc 10, 36-37)	Quis horum trium videtur ... in illum	Lc	10	36-37
Homo quidam descendebat ab hierusalem in hiericho (Lc 10, 30)	Homo quidam descendebat ab hierusalem in hiericho	Lc	10	30
Quid autem vides … non vides (Lc 6, 41)	Quid autem vides … non vides	Lc	6	41
Factum est autem in sequenti die … unicus est michi (Lc 9, 37-38)	Factum est autem in sequenti die … unicus est michi	Lc	9	37-38
Factum est in una dierum et ipse sedebat … sedentes et cetera (Lc 5, 17)	Factum est in una dierum et ipse sedebat … sedentes et cetera	Lc	5	17
Dimitte … dabitur vobis (Lc 6, 37-38)	Dimitte … dabitur vobis	Lc	6	37-38
Et factum est deinceps … naim (Lc 7, 11)	Et factum est deinceps … naim	Lc	7	11
Cum appropinquaret autem porte civitatis … loculum (Lc 7, 12-14)	Cum appropinquaret autem porte civitatis … loculum	Lc	7	12-14
Et factum est cum intraret Iesus in domum … ante illum (Lc 14, 1-2)	Et factum est cum intraret Iesus in domum … ante illum	Lc	14	1-2
Et ecce vir venit … synagogae erat (Lc 8, 41)	Et ecce vir venit … synagogae erat	Lc	8	41
Et postquam impleti sunt…domino (Lc 2, 22)	Et postquam impleti sunt…domino	Lc	2	22
Et ecce quidam  legis peritus … possidebo (Lc 10, 25)	Et ecce quidam  legis peritus … possidebo	Lc	10	25
Dixit autem Iesus et ad quosdam qui in se confidebant … istam (Lc 18, 9)	Dixit autem Iesus et ad quosdam qui in se confidebant … istam	Lc	18	9
Et factum est deinceps ibat ... Naim  (Lc 7, 11)	Et factum est deinceps ibat ... Naim	Lc	7	11
Non est opus sanis medicus … peccatores (Lc 5, 31-32)	Non est opus sanis medicus … peccatores	Lc	5	31-32
Homo quidam erat dives … aput ipsum (Lc 16, 1)	Homo quidam erat dives … aput ipsum	Lc	16	1
Erat Iesus eiciens …turbae (Lc 11, 14)	Erat Iesus eiciens …turbae	Lc	11	14
Et factum est … viri leprosi (Lc 17-11-12)	Et factum est … viri leprosi	Lc	-	17-11-12
Ideo dico vobis … vestiamini (Lc 12, 22)	Ideo dico vobis … vestiamini	Lc	12	22
Et ait quidam de turba … super vos (Lc 12, 13-14)	Et ait quidam de turba … super vos	Lc	12	13-14
Et factum est … naim (Lc 7, 11)	Et factum est … naim	Lc	7	11
Cum appropinquaret autem porte … tetigit loculum (Lc 7, 12-14)	Cum appropinquaret autem porte … tetigit loculum	Lc	7	12-14
Et factum est … hydropicus erat ante illum (Lc 14, 1-2)	Et factum est … hydropicus erat ante illum	Lc	14	1-2
Erat Iesus docens … inclinata (Lc 13, 10-11)	Erat Iesus docens … inclinata	Lc	13	10-11
In illa hora … loth (Lc 17, 31-32)	In illa hora … loth	Lc	17	31-32
Quanta audivimus facta in capharnaum fac et hic in patria tua  (Lc 4, 23)	Quanta audivimus facta in capharnaum fac et hic in patria tua	Lc	4	23
Surgens autem iesus de synagoga introivit … magnis febribus (Lc 4, 38)	Surgens autem iesus de synagoga introivit … magnis febribus	Lc	4	38
Et erat iesus eieciens demonium et illut erat mutum … sunt turbe (Lc 11, 14)	Et erat iesus eieciens demonium et illut erat mutum … sunt turbe	Lc	11	14
Erat inquid salvator eiciaens demonium et illut erat mutum (Lc 11, 14)	Erat inquid salvator eiciaens demonium et illut erat mutum	Lc	11	14
Et factum est deinceps ibat in civitatem que vocatur naim (Lc 7, 11)	Et factum est deinceps ibat in civitatem que vocatur naim	Lc	7	11
Cum appropinquaret autem porte civitatis …. Tetigit loculum (Lc 7, 12-14)	Cum appropinquaret autem porte civitatis …. Tetigit loculum	Lc	7	12-14
Appropinquabat autem dies festus azimorum … pascha (Lc 22, 1)	Appropinquabat autem dies festus azimorum … pascha	Lc	22	1
Homo quidam descendebat ab hierusalem in iericho (Lc 10, 30)	Homo quidam descendebat ab hierusalem in iericho	Lc	10	30
Factum est dum iret iesus … viri leprosi (Lc 17, 11-12)	Factum est dum iret iesus … viri leprosi	Lc	17	11-12
Homo quidam habebat duos filios ... (Lc 15, 11)	Homo quidam habebat duos filios ...	Lc	15	11
Homo quidam erat dives (Lc 16, 19)	Homo quidam erat dives	Lc	16	19
Iesus autem plenus spiritu sancto reversus est a iordane (Lc 4,1)	Iesus autem plenus spiritu sancto reversus est a iordane	Lc	4	1
Et factum est deinceps … Naim (Lc 7,11)	Et factum est deinceps … Naim	Lc	7	11
Socrus  Symonis tenebatur magnis febribus (Lc 4,38)	Socrus  Symonis tenebatur magnis febribus	Lc	4	38
Si peccaverit in te frater tuus (Lc 17,3)	Si peccaverit in te frater tuus	Lc	17	3
Nunc vos pharisei prius … mundatis (Lc 11, 39)	Nunc vos pharisei prius … mundatis	Lc	11	39
Quanta audivimus facta … patria tua  (Lc 4,23)	Quanta audivimus facta … patria tua	Lc	4	23
Homo quidam habebaat duos filios (Lc 15,11)	Homo quidam habebaat duos filios	Lc	15	11
Et ecce homo erat … consolationem Israel (Lc 2,25)	Et ecce homo erat … consolationem Israel	Lc	2	25
Regressus est Ihesus … magnificabatur ab omnibus (Lc 4,14-15)	Regressus est Ihesus … magnificabatur ab omnibus	Lc	4	14-15
Et regressus … Galileam (Lc 4,14)	Et regressus … Galileam	Lc	4	14
Cum autem duodecim esset annorum … non inveniunt (Lc 2,42-46)	Cum autem duodecim esset annorum … non inveniunt	Lc	2	42-46
Postquam consumati sunt dies octo ... conciperetur (Lc 2, 21)	Postquam consumati sunt dies octo ... conciperetur	Lc	2	21
Et erat Iesus eciens …admiratae sunt turbae (Lc 11,14)	Et erat Iesus eciens …admiratae sunt turbae	Lc	11	14
Homo quidam habebat duos filios (Lc 15, 11)	Homo quidam habebat duos filios	Lc	15	11
Non est opus sanis … peccatores (Lc 5, 31-32)	Non est opus sanis … peccatores	Lc	5	31-32
Homo quidam … in hiericho. (Lc 10, 30)	Homo quidam … in hiericho.	Lc	10	30
Quanta audivimus … tua (Lc 4, 23)	Quanta audivimus … tua	Lc	4	23
Socrus Simonis Petri … febribus (Lc 4, 38)	Socrus Simonis Petri … febribus	Lc	4	38
Appropinquabat … pascha (Lc 22,1)	Appropinquabat … pascha	Lc	22	1
Et ut perfecerunt omnia secundum legem (Lc 2, 39)	Et ut perfecerunt omnia secundum legem	Lc	2	39
Cum autem duodecim esset annorum iesus ... (Lc 2, 42-43)	Cum autem duodecim esset annorum iesus ...	Lc	2	42-43
Estote misericordes … condemnabimini (Lc 6, 36-37)	Estote misericordes … condemnabimini	Lc	6	36-37
Dimittite … vobis (Lc 6, 37-38)	Dimittite … vobis	Lc	6	37-38
Ascendens autem Ihesus in unam navem …a terra (Lc 5,3)	Ascendens autem Ihesus in unam navem …a terra	Lc	5	3
Factum est cum turbae irruerent ad Ihesum ... a terra (Lc 5, 1-3)	Factum est cum turbae irruerent ad Ihesum ... a terra	Lc	5	1-3
Erant appropinquantes ad Iesum ... cum illis (Lc 15, 1-2)	Erant appropinquantes ad Iesum ... cum illis	Lc	15	1-2
Homo quidam erat dives et habebat vilicum (Lc 16, 1)	Homo quidam erat dives et habebat vilicum	Lc	16	1
Dicebat autem Dominus Iesus … suas (Lc 16, 1-4)	Dicebat autem Dominus Iesus … suas	Lc	16	1-4
Homo quidam descendebat ab Hierusalem in Hiericho (Lc 10, 30)	Homo quidam descendebat ab Hierusalem in Hiericho	Lc	10	30
Ecce quidam legis peritus … possidebo (Lc 10, 25)	Ecce quidam legis peritus … possidebo	Lc	10	25
Quis horum trium videtur (Lc 10, 36)	Quis horum trium videtur	Lc	10	36
Et ut perfecerunt omnia saecundum legem ... suam nazareh (Lc	Et ut perfecerunt omnia saecundum legem ... suam nazareh	Lc	-	-
Et ecce vir venit ... erat (Lc 8, 41)	Et ecce vir venit ... erat	Lc	8	41
Dicebat autem dominus iesus ad discipulos suos: homo quidam … domos suas (Lc 16, 1-4)	Dicebat autem dominus iesus ad discipulos suos: homo quidam … domos suas	Lc	16	1-4
Interrogavit autem eum … unus deus (Lc 18, 18-19)	Interrogavit autem eum … unus deus	Lc	18	18-19
Fuit inquit in diebus … sine quaerela (Lc 1, 5-6)	Fuit inquit in diebus … sine quaerela	Lc	1	5-6
Quis ex vobis … erravit (Lc 15, 4)	Quis ex vobis … erravit	Lc	15	4
Factum est autem cum turbae irruerent … stagnum Genesareth (Lc 5, 1)	Factum est autem cum turbae irruerent … stagnum Genesareth	Lc	5	1
Factum est … a terra (Lc 5, 1-3)	Factum est … a terra	Lc	5	1-3
Homo quidam ex Hierusalem … Hiericho (Lc 10, 30)	Homo quidam ex Hierusalem … Hiericho	Lc	10	30
Ascedens autem Ihesus … aliquantulum (Lc 5, 3)	Ascedens autem Ihesus … aliquantulum	Lc	5	3
Quis vestrum habebit amicum … tres panes (Lc 11, 5)	Quis vestrum habebit amicum … tres panes	Lc	11	5
Mane autem sabbati … ad monumentum (Lc 24, 1)	Mane autem sabbati … ad monumentum	Lc	24	1
Appropinquabat autem dies festus Azimorum qui dicitur Pascha (Lc 22, 1)	Appropinquabat autem dies festus Azimorum qui dicitur Pascha	Lc	22	1
Et factum est deinceps ibat…vocatur Naim (Lc 7, 11)	Et factum est deinceps ibat…vocatur Naim	Lc	7	11
Socrus Symonis Petri tenebatur magnis febribus  (Lc 4, 38)	Socrus Symonis Petri tenebatur magnis febribus	Lc	4	38
Quanta audivimus facta in Capharnaum fac et hic in patria tua  (Lc 4, 23)	Quanta audivimus facta in Capharnaum fac et hic in patria tua	Lc	4	23
Estote ergo misericordes … misericors est (Lc 6, 36)	Estote ergo misericordes … misericors est	Lc	6	36
Cum appropinquaret autem porte civitatis ... loculum (Lc 7, 12-13)	Cum appropinquaret autem porte civitatis ... loculum	Lc	7	12-13
Socrus symonis petri tenebatur magnis febribus ... (Lc 4, 38)	Socrus symonis petri tenebatur magnis febribus ...	Lc	4	38
Factum est verbum Domini super Iohannem ... deserto (Lc 3, 2)	Factum est verbum Domini super Iohannem ... deserto	Lc	3	2
Factum est autem cum turbae … stabat secus stagnum Genesareth. (Lc 5, 1)	Factum est autem cum turbae … stabat secus stagnum Genesareth.	Lc	5	1
Cum appropinquaret Ihesus porte civitatis … tetigit loculum (Lc 7, 12)	Cum appropinquaret Ihesus porte civitatis … tetigit loculum	Lc	7	12
Quid autem  vides festucam ... non vides (Lc 6, 41)	Quid autem  vides festucam ... non vides	Lc	6	41
Et factum est cum intraret Ihesus in domum … hidropicus erat ante illum (Lc 14, 1-2)	Et factum est cum intraret Ihesus in domum … hidropicus erat ante illum	Lc	14	1-2
Et ecce vir venit … erat (Lc 8, 41)	Et ecce vir venit … erat	Lc	8	41
Dimittite et dimittemini, date et dabitur vobis(Lc 6, 37-38)	Dimittite et dimittemini, date et dabitur vobis	Lc	6	37-38
Cum appropinquaret … tetigit loculum. (Lc 7, 12)	Cum appropinquaret … tetigit loculum.	Lc	7	12
Estote misericordes … et non condemnabimini. (Lc 6, 36-37)	Estote misericordes … et non condemnabimini.	Lc	6	36-37
Factum est dum iret Ihesus Hierusalem … decem viri leprosi (Lc 17, 11-12)	Factum est dum iret Ihesus Hierusalem … decem viri leprosi	Lc	17	11-12
Ibat Ihesus in civitatem quae vocatur Naim et ibant cum illo … turba copiosa (Lc 7, 11)	Ibat Ihesus in civitatem quae vocatur Naim et ibant cum illo … turba copiosa	Lc	7	11
Oportet semper orare et non deficere (Lc 18, 1)	Oportet semper orare et non deficere	Lc	18	1
Non opus sanis medico sed male habentibus. Non veni vocare iustos sed peccatores (Lc 5, 31-32)	Non opus sanis medico sed male habentibus. Non veni vocare iustos sed peccatores	Lc	5	31-32
Et ecce unus accessit ad eum et ait ei magister … vitam aeternam (Lc 10, 25)	Et ecce unus accessit ad eum et ait ei magister … vitam aeternam	Lc	10	25
Nemo servus potest duobus dominis servire (Lc 16, 13)	Nemo servus potest duobus dominis servire	Lc	16	13
Dicebat autem Dominus Ihesus ad discipulos suos: homo quidam erat dives … in domos suas (Lc 16, 1-4)	Dicebat autem Dominus Ihesus ad discipulos suos: homo quidam erat dives … in domos suas	Lc	16	1-4
Et regressus est Iesus … in Galileam. (Lc 4, 14)	Et regressus est Iesus … in Galileam.	Lc	4	14
Cum appropinquaret Ihesus porte civitatis et ecce … loculum (Lc 7, 12-14)	Cum appropinquaret Ihesus porte civitatis et ecce … loculum	Lc	7	12-14
Erat Ihesus eiciens demonium … sunt turbe (Lc 11, 14)	Erat Ihesus eiciens demonium … sunt turbe	Lc	11	14
Surgens autem  de sinagoga Ihesus intravit in domum Symonis … magnis febribus (Lc 4, 38)	Surgens autem  de sinagoga Ihesus intravit in domum Symonis … magnis febribus	Lc	4	38
Socrus Symonis petri tenebatur magnis febribus (Lc 4, 38)	Socrus Symonis petri tenebatur magnis febribus	Lc	4	38
Et ut perfecerunt omnia secundum ...suam nazareh (Lc 2, 39)	Et ut perfecerunt omnia secundum ...suam nazareh	Lc	2	39
Cum autem duodecim esset annorum ... (Lc 2, 42)	Cum autem duodecim esset annorum ...	Lc	2	42
Et factum est cum intrasset Iesus in domum … erat ante illum (Lc 14, 1-2)	Et factum est cum intrasset Iesus in domum … erat ante illum	Lc	14	1-2
Et factum est deinceps ibat … vocatur Naim (Lc 7, 11)	Et factum est deinceps ibat … vocatur Naim	Lc	7	11
Et ecce vir venit … synagogae erat. (Lc 8, 41)	Et ecce vir venit … synagogae erat.	Lc	8	41
Appropinquabat autem dies festus azimorum qui dicitur pascha (Lc 22, 1)	Appropinquabat autem dies festus azimorum qui dicitur pascha	Lc	22	1
Cum haec autem loquuntur Iesus steti t… nolite timere (Lc 24, 36)	Cum haec autem loquuntur Iesus steti t… nolite timere	Lc	24	36
Quanta audivimus facta in Capharnaum fac et hic in patria tua (Lc 4, 23)	Quanta audivimus facta in Capharnaum fac et hic in patria tua	Lc	4	23
Et factum est cum intrasset … hydropicus erat ante illum. (Lc 14, 1-2)	Et factum est cum intrasset … hydropicus erat ante illum.	Lc	14	1-2
Cum appropiaret … tetigit loculum (Lc 7, 12-14)	Cum appropiaret … tetigit loculum	Lc	7	12-14
Socrus Simoni Petri tenebatur magnis febribus (Lc 4, 38)	Socrus Simoni Petri tenebatur magnis febribus	Lc	4	38
Ascendens iesus in unam navem … a terra aliquantulum (Lc 5, 3)	Ascendens iesus in unam navem … a terra aliquantulum	Lc	5	3
Factum est autem cum turbae … stagnum genesareth (Lc 5, 1)	Factum est autem cum turbae … stagnum genesareth	Lc	5	1
Cum appropinquaret autem porte civitatis … tetigit loculum (Lc 7, 12-14)	Cum appropinquaret autem porte civitatis … tetigit loculum	Lc	7	12-14
Adtendite a fermento … est ypocrisis (Lc 12, 1)	Adtendite a fermento … est ypocrisis	Lc	12	1
Quis horum trium videtur - in illum (Lc 10, 36-37	Quis horum trium videtur - in illum	Lc	10	-
Et factum est deinceps ibat Ihesus in civitatem quae vocatur Naim (Lc 7, 11)	Et factum est deinceps ibat Ihesus in civitatem quae vocatur Naim	Lc	7	11
Ecce quidam legis peritus … vitam aeternam possidebo. (Lc 10, 25)	Ecce quidam legis peritus … vitam aeternam possidebo.	Lc	10	25
Homo quidam erat dives … apud ipsum (Lc 16, 1)	Homo quidam erat dives … apud ipsum	Lc	16	1
Ecce quidam legisperitus… aeternam possidebo (Lc 10, 25)	Ecce quidam legisperitus… aeternam possidebo	Lc	10	25
Quis horum trium videtur  in illum (Lc 10, 36-37)	Quis horum trium videtur  in illum	Lc	10	36-37
Homo quidam descendebat ab Hierusalem in Hierico (Lc 10, 30)	Homo quidam descendebat ab Hierusalem in Hierico	Lc	10	30
Surgens autem Ihesus … febribus (Lc 4, 38)	Surgens autem Ihesus … febribus	Lc	4	38
Factum est in una dierum et ipse sedebat docens et erant pharisaei docentes (Lc 5, 17)	Factum est in una dierum et ipse sedebat docens et erant pharisaei docentes	Lc	5	17
Et factum est deinceps ibat in civitatem quae vocatur Naim. (Lc 7, 1	Et factum est deinceps ibat in civitatem quae vocatur Naim.	Lc	7	-
Nemo lucernam accendit … supra cande[la]brum (Lc 11, 33)	Nemo lucernam accendit … supra cande[la]brum	Lc	11	33
Et factum est deinceps ibat Ihesus in civitatem que vocatur Naym (Lc 7, 11)	Et factum est deinceps ibat Ihesus in civitatem que vocatur Naym	Lc	7	11
Eodem tempore missus est angelus ... et nomen virginis Maria (Lc 1, 26-27)	Eodem tempore missus est angelus ... et nomen virginis Maria	Lc	1	26-27
Et ecce duo ex illis ibant ipsa die … acciderant (Lc 24, 13-14)	Et ecce duo ex illis ibant ipsa die … acciderant	Lc	24	13-14
Respondens uni cui nomen ... diebus (Lc 24, 18)	Respondens uni cui nomen ... diebus	Lc	24	18
Postquam impleti sunt dies … eum Domino (Lc 2, 22)	Postquam impleti sunt dies … eum Domino	Lc	2	22
Nemo lucernam … sub modio (Lc 11,33)	Nemo lucernam … sub modio	Lc	11	33
Regressus est Ihesus in virtute spiritus in Galileam (Lc 4, 14)	Regressus est Ihesus in virtute spiritus in Galileam	Lc	4	14
Estote misericordes sicut et pater … condemnabimini (Lc 6, 36-37)	Estote misericordes sicut et pater … condemnabimini	Lc	6	36-37
Dimittite et dimittemini ... vobis (Lc 6, 37)	Dimittite et dimittemini ... vobis	Lc	6	37
Dixit autem dominus: Quis putas est fidelis dispensator … suam  (Lc 12, 42).	Dixit autem dominus: Quis putas est fidelis dispensator … suam	Lc	12	42
Quid autem vides festucam … non vides (Lc 6, 41	Quid autem vides festucam … non vides	Lc	6	-
Factum est cum turbae irruerunt ad iesum.duceret a terra (Lc 5, 1-3)	Factum est cum turbae irruerunt ad iesum.duceret a terra	Lc	5	1-3
Erant appropinquantes ad iesum … cum illis (Lc 15, 1-2)	Erant appropinquantes ad iesum … cum illis	Lc	15	1-2
Fuit inquit in diebus herodis regis ... sine querela (Lc 1, 5)	Fuit inquit in diebus herodis regis ... sine querela	Lc	1	5
Homo quidam habuit duos filios (Lc 15,11)	Homo quidam habuit duos filios	Lc	15	11
Quanta audivimus ...  in patria tua (Lc 4, 23)	Quanta audivimus ...  in patria tua	Lc	4	23
Quanta audivimus facta in capharnaum ... patria tua (Lc 4, 23)	Quanta audivimus facta in capharnaum ... patria tua	Lc	4	23
Homo quidam nobilis abiit in regionem … reverti (Lc 19, 12)	Homo quidam nobilis abiit in regionem … reverti	Lc	19	12
Regressus est Ihesus in virtute spiritus in Galileam … ab omnibus (Lc 4, 14-15)	Regressus est Ihesus in virtute spiritus in Galileam … ab omnibus	Lc	4	14-15
Et factum est dum recumberet ... et cognoverunt eum (Lc 24, 30-31)	Et factum est dum recumberet ... et cognoverunt eum	Lc	24	30-31
Extollens vocem quaedam mulier … suxisti (Lc 11, 27)	Extollens vocem quaedam mulier … suxisti	Lc	11	27
Et regressus est Ihesus in virtute spiritus in Galileam (Lc 4, 14)	Et regressus est Ihesus in virtute spiritus in Galileam	Lc	4	14
Homo quam habebat duos filios (Lc 15, 11)	Homo quam habebat duos filios	Lc	15	11
Et ut perfecerunt omnia secundum legem … suam Nazareth. (Lc 2,39)	Et ut perfecerunt omnia secundum legem … suam Nazareth.	Lc	2	39
Factum est autem cum baptizatus esset ... complacui mihi. (Lc 3, 21-22)	Factum est autem cum baptizatus esset ... complacui mihi.	Lc	3	21-22
Ingressus iesus perambulabat … pusillus erat (Lc 19, 1-3).	Ingressus iesus perambulabat … pusillus erat	Lc	19	1-3
Quanta audivimus facta in Capharnaum … in patria tua (Lc 4, 23)	Quanta audivimus facta in Capharnaum … in patria tua	Lc	4	23
Et postquam impleti sunt dies purgationis …. ut sisterent eum Domino (Lc 2, 22)	Et postquam impleti sunt dies purgationis …. ut sisterent eum Domino	Lc	2	22
Si peccaverit in te frater tuus increpa illum (Lc 17, 3)	Si peccaverit in te frater tuus increpa illum	Lc	17	3
Dicebat autem dominus iesus ad discipulos suos: homo quidam erat … in domos suas (Lc. 16, 1-4)	Dicebat autem dominus iesus ad discipulos suos: homo quidam erat … in domos suas	Lc.	16	1-4
Factum est autem in una dierum et ipse ascaendit in una navicula … et ascenderunt (Lc. 8, 22)	Factum est autem in una dierum et ipse ascaendit in una navicula … et ascenderunt	Lc.	8	22
Eodem tempore missus est angelus Gabriel ... Maria (Lc. 1, 26-28)	Eodem tempore missus est angelus Gabriel ... Maria	Lc.	1	26-28
Et egressus iesus perambulabat hiericho … possibilia sunt apud deum (Lc. 19, 1-4)	Et egressus iesus perambulabat hiericho … possibilia sunt apud deum	Lc.	19	1-4
Et audivit Herodes rex ... in illo (Mc 6, 14)	Et audivit Herodes rex ... in illo	Mc	6	14
Et egressus iesus … ad eum (Mc 2, 13)	Et egressus iesus … ad eum	Mc	2	13
Cum sero esset factum, erat navis … contrarius eis (Mc 6, 47)	Cum sero esset factum, erat navis … contrarius eis	Mc	6	47
Erat autem pascha et azima post viduum (Mc 14, 1)	Erat autem pascha et azima post viduum	Mc	14	1
Magister attuli filium … et non potuerunt (Mc 9, 16-17)	Magister attuli filium … et non potuerunt	Mc	9	16-17
Et cum sero esset, erat navis… contrarius eis (Mc 6, 47-48)	Et cum sero esset, erat navis… contrarius eis	Mc	6	47-48
In illis diebus iterum cum turba esset … manducent  (Mc 8, 1-2)	In illis diebus iterum cum turba esset … manducent	Mc	8	1-2
Et exiens vidit turbam ... multa (Mc 6, 34)	Et exiens vidit turbam ... multa	Mc	6	34
Et cum sero esset ... eis (Mc 6, 47-48)	Et cum sero esset ... eis	Mc	6	47-48
Et cum sero esset …  ventus contrarius eis (Mc. 6, 47-48)	Et cum sero esset …  ventus contrarius eis	Mc.	6	47-48
Cum autem venerit filius hominis … omnis gentes et cetera (Mt 25, 31-32)	Cum autem venerit filius hominis … omnis gentes et cetera	Mt	25	31-32
Scitis quia post biduum pascha fiet … ut crucifigetur (Mt 26, 2)	Scitis quia post biduum pascha fiet … ut crucifigetur	Mt	26	2
Vos estis lux mundi (Mt 5, 14)	Vos estis lux mundi	Mt	5	14
Accesserunt ad Ihesum scribe … signum videre (Mt 12, 38)	Accesserunt ad Ihesum scribe … signum videre	Mt	12	38
Tunc Ihesus locutus est ad turbas … et non faciunt (Mt 23, 1-3)	Tunc Ihesus locutus est ad turbas … et non faciunt	Mt	23	1-3
Ascendit Ihesus Ierusolymam et assumpsit duodecim discipulos seorsum in itinere  (Mt 20, 17)	Ascendit Ihesus Ierusolymam et assumpsit duodecim discipulos seorsum in itinere	Mt	20	17
Homo erat paterfamilias (Mt 21, 33)	Homo erat paterfamilias	Mt	21	33
Descendente Iesu de monte … cum turbae multae (Mt 8, 1)	Descendente Iesu de monte … cum turbae multae	Mt	8	1
Ascendente Ihesu in naviculam … est in mari. Et reliqua (Mt 8, 23-24)	Ascendente Ihesu in naviculam … est in mari. Et reliqua	Mt	8	23-24
Cum introisset Ihesus Hierusolymam … quis est hic (Mt 21, 10)	Cum introisset Ihesus Hierusolymam … quis est hic	Mt	21	10
Et ecce unus accedens … aeternam (Mt 19, 16)	Et ecce unus accedens … aeternam	Mt	19	16
Simile est regnum caelorum … vineam suam (Mt 20, 1 )	Simile est regnum caelorum … vineam suam	Mt	20	1
Cum intrasset Ihesus Hierusolimam turba autem dicenbat hic est Ihesus propheta a Nazareth galilee. (Mt 21, 10-11)	Cum intrasset Ihesus Hierusolimam turba autem dicenbat hic est Ihesus propheta a Nazareth galilee.	Mt	21	10-11
Vespere autem sabbati…sepulchrum (Mt 28, 1)	Vespere autem sabbati…sepulchrum	Mt	28	1
Et ecce unus … aeternam et reliqua (Mt 19, 16)	Et ecce unus … aeternam et reliqua	Mt	19	16
Descendente Ihesu de monte secute sunt eum turbe multe (Mt 8, 1)	Descendente Ihesu de monte secute sunt eum turbe multe	Mt	8	1
Cum transisset iesus … ad pedes eius (Mt 15, 29-30)	Cum transisset iesus … ad pedes eius	Mt	15	29-30
Simile est regnum caelorum hominis patrifamilias … in vineam suam (Mt 20, 1)	Simile est regnum caelorum hominis patrifamilias … in vineam suam	Mt	20	1
Vos estis lumen mundi (Mt 5, 14)	Vos estis lumen mundi	Mt	5	14
In illa die … resurretionem non esse (Mt 22, 23)	In illa die … resurretionem non esse	Mt	22	23
Cum autem venerit filius hominis in gloria sua … omnes gentes et cetera  (Mt 25, 31-34)	Cum autem venerit filius hominis in gloria sua … omnes gentes et cetera	Mt	25	31-34
In illo die accesserunt … resurrectionem (Mt 22, 23).	In illo die accesserunt … resurrectionem	Mt	22	23
Ascendens Ihesus Hierusolimam assumsit  … tertia die resurget. (Mt 20, 17-19)	Ascendens Ihesus Hierusolimam assumsit  … tertia die resurget.	Mt	20	17-19
Cum autem venerit filius … ante eum omnes gentes (Mt 25,31-32)	Cum autem venerit filius … ante eum omnes gentes	Mt	25	31-32
Accesserunt ad Iesum scribe … signum videre (Mt 12,38)	Accesserunt ad Iesum scribe … signum videre	Mt	12	38
Et ascendens Iesus … seorsum in itinere (Mt 20,17)	Et ascendens Iesus … seorsum in itinere	Mt	20	17
Tunc Ihesus locutus est ad turbas  … et non faciuntur (Mt 23, 1-3)	Tunc Ihesus locutus est ad turbas  … et non faciuntur	Mt	23	1-3
Et post dies sex assumens … fratrem eius. (Mt 17, 1)	Et post dies sex assumens … fratrem eius.	Mt	17	1
Tunc responderunt ei quidam … Ionas in ventre ceti. Et cetera (Mt 12, 38-40)	Tunc responderunt ei quidam … Ionas in ventre ceti. Et cetera	Mt	12	38-40
Si autem peccaverit in te frater tuus … et reliqua. (Mt 18,15)	Si autem peccaverit in te frater tuus … et reliqua.	Mt	18	15
Tunc responderunt ei … signum videre (Mt 12, 38)	Tunc responderunt ei … signum videre	Mt	12	38
Quare discipuli transgrediuntur traditionum seniorum (Mt 15, 2)	Quare discipuli transgrediuntur traditionum seniorum	Mt	15	2
Homo erat paterfamilias … peregre profectus (Mt 21, 33)	Homo erat paterfamilias … peregre profectus	Mt	21	33
Cum intrasset Ihesus Hierusolymam … est hic (Mt 21, 10)	Cum intrasset Ihesus Hierusolymam … est hic	Mt	21	10
Tunc Iesus locutus …  (Mt 23,1-3)	Tunc Iesus locutus …	Mt	23	1-3
Audistis quia dictum est dilige proximum (Mt 5, 43)	Audistis quia dictum est dilige proximum	Mt	5	43
Et dimissa turba ascendit in montem solus orare (Mt 14, 23)	Et dimissa turba ascendit in montem solus orare	Mt	14	23
Cum autem verit filius hominis in gloria sua  … omnis gentes. Et cetera. (Mt 25, 31-32)	Cum autem verit filius hominis in gloria sua  … omnis gentes. Et cetera.	Mt	25	31-32
Et dimissa turba ascendit in montem orare. (Mt 14, 23)	Et dimissa turba ascendit in montem orare.	Mt	14	23
Tunc iesus locutus est ad turbas ... (Mt 23, 1-3)	Tunc iesus locutus est ad turbas ...	Mt	23	1-3
Tunc iesus locutus est turbis et discipulis suis dicens super cathedram Moysi ... et reliqua (Mt 23, 1-2)	Tunc iesus locutus est turbis et discipulis suis dicens super cathedram Moysi ... et reliqua	Mt	23	1-2
Et ascendens iesus ierosolimam assumpsit ... (Mt 20, 17)	Et ascendens iesus ierosolimam assumpsit ...	Mt	20	17
Et ascendens iesus ierosolymis assumpsit ... (Mt 20, 17-18)	Et ascendens iesus ierosolymis assumpsit ...	Mt	20	17-18
Cum ieiunatis nolite fieri sicut ipocrite tristes. Ex terminant eum facies suas ut videatur … suam. (Mt 6, 16)	Cum ieiunatis nolite fieri sicut ipocrite tristes. Ex terminant eum facies suas ut videatur … suam.	Mt	6	16
Et cum intrasset Ihesus Hierusolymam … est hic. (Mt 21, 10)	Et cum intrasset Ihesus Hierusolymam … est hic.	Mt	21	10
Descendente Iesu de monte … turbe multe (Mt 8,1)	Descendente Iesu de monte … turbe multe	Mt	8	1
Si peccaverit in te frater tuus vade et corripe eum inter te et ipsum et reliqua (Mt 18, 15)	Si peccaverit in te frater tuus vade et corripe eum inter te et ipsum et reliqua	Mt	18	15
Ecce ego mitto… scribas (Mt 23,34)	Ecce ego mitto… scribas	Mt	23	34
Et venit in civitatem suam … peccata tua (Mt 9, 1-2)	Et venit in civitatem suam … peccata tua	Mt	9	1-2
Simile factum est … tritici et reliqua (Mt 13, 24-25)	Simile factum est … tritici et reliqua	Mt	13	24-25
Et egressus Ihesus de templo … structuram templi (Mt 24, 1)	Et egressus Ihesus de templo … structuram templi	Mt	24	1
Et egressus Ihesus de templo … destruatur (Mt 24, 1-2)	Et egressus Ihesus de templo … destruatur	Mt	24	1-2
Cum ergo videritis … intellegat (Mt 24, 15)	Cum ergo videritis … intellegat	Mt	24	15
De die autem illa et hora … pater solus (Mt 24, 36)	De die autem illa et hora … pater solus	Mt	24	36
Scitis quia post biduum Pascha fiet … ut crucifigetur (Mt 26, 2)	Scitis quia post biduum Pascha fiet … ut crucifigetur	Mt	26	2
Simile est regnum … et reliqua (Mt 20, 1)	Simile est regnum … et reliqua	Mt	20	1
Cum autem ieiunatis nolite fieri sicut hipocrite tristes. Exterminant enim facies suas ut videantur hominibus ieiunantes … mercedem suam (Mt 6, 16-17)	Cum autem ieiunatis nolite fieri sicut hipocrite tristes. Exterminant enim facies suas ut videantur hominibus ieiunantes … mercedem suam	Mt	6	16-17
Accessit ad iesum centurio rogans eum et dicens domine puer meus iacet in domo paraliticus et male torquetur … curabo eum et cetera (Mt 8, 5-7)	Accessit ad iesum centurio rogans eum et dicens domine puer meus iacet in domo paraliticus et male torquetur … curabo eum et cetera	Mt	8	5-7
Post hec autem cum intrasset iesus capharnaum accessit ad eum quidam tribunus … in domo paraliticus (Mt 8, 5-6)	Post hec autem cum intrasset iesus capharnaum accessit ad eum quidam tribunus … in domo paraliticus	Mt	8	5-6
Tunc iesus ductus est in desertum … a diabolo (Mt 4,1)	Tunc iesus ductus est in desertum … a diabolo	Mt	4	1
Scitis quia post biduum … ut crucifigatur (Mt 26, 2)	Scitis quia post biduum … ut crucifigatur	Mt	26	2
Et venit in civitatem suam et ecce … tibi peccata sua. Et reliqua (Mt 9, 1-2)	Et venit in civitatem suam et ecce … tibi peccata sua. Et reliqua	Mt	9	1-2
Homo erat paterfamilias qui plantavit vineam (Mt 21, 33)	Homo erat paterfamilias qui plantavit vineam	Mt	21	33
In illa die accesserunt ad Ihesum sadducei … resurrectione non esse (Mt 22, 23)	In illa die accesserunt ad Ihesum sadducei … resurrectione non esse	Mt	22	23
Quare discipuli transgrediuntur traditiones seniorum? (Mt 15, 1)	Quare discipuli transgrediuntur traditiones seniorum?	Mt	15	1
Cum venisset iesus in domum petri … febricitantem (Mt 8, 14)	Cum venisset iesus in domum petri … febricitantem	Mt	8	14
Dixitque ad discipulos suos: Ideo dico vobis … vestimentum (Mt 6, 25)	Dixitque ad discipulos suos: Ideo dico vobis … vestimentum	Mt	6	25
Nemo potest duobus dominis servire (Mt 6, 24)	Nemo potest duobus dominis servire	Mt	6	24
Scitis quia post biduum pascha … crucifigatur (Mt 26, 2)	Scitis quia post biduum pascha … crucifigatur	Mt	26	2
Scitis quia post … crucifigatur (Mt 26, 2)	Scitis quia post … crucifigatur	Mt	26	2
Quare discipuli tui … traditionem seniorum. (Mt 15, 2)	Quare discipuli tui … traditionem seniorum.	Mt	15	2
In illa die accesserunt ad Iesum sadducei … et reliqua.(Mt 22, 23)	In illa die accesserunt ad Iesum sadducei … et reliqua.	Mt	22	23
Simile factum est regnum caelorum homini qui seminavit bonum semen in agro suo … et reliqua (Mt 13, 24-25)	Simile factum est regnum caelorum homini qui seminavit bonum semen in agro suo … et reliqua	Mt	13	24-25
Ascendens Iesus in naviculam ... paralyticum (Mt 9, 1-2)	Ascendens Iesus in naviculam ... paralyticum	Mt	9	1-2
Cum ergo videritis abhominationem desolationis … qui legit intellegat  (Mt  24, 15)	Cum ergo videritis abhominationem desolationis … qui legit intellegat	Mt	24	15
In illa die accesserunt ad Iesum sadducei qui dicunt non esse resurrectionem (Mt 22, 23)	In illa die accesserunt ad Iesum sadducei qui dicunt non esse resurrectionem	Mt	22	23
In illa hora accesserunt discipuli ad Ihesum … caelorum (Mt 18, 1)	In illa hora accesserunt discipuli ad Ihesum … caelorum	Mt	18	1
Ascendens Iesus in naviculam … paralyticum (Mt 9, 1-2)	Ascendens Iesus in naviculam … paralyticum	Mt	9	1-2
Simile est regnum coelorum homini… in medio tritici et reliqua (Mt 13, 24-25)	Simile est regnum coelorum homini… in medio tritici et reliqua	Mt	13	24-25
Et ecce princeps unus accessit ... discipuli eius (Mt 9, 18-19)	Et ecce princeps unus accessit ... discipuli eius	Mt	9	18-19
Egressus iesus de templo … templi (Mt 24, 1)	Egressus iesus de templo … templi	Mt	24	1
Egressus iesus de templo … destruatur (Mt 24, 1-2)	Egressus iesus de templo … destruatur	Mt	24	1-2
Cum ergo videritis abhominationem desolationis ... intellegat (Mt 24, 15)	Cum ergo videritis abhominationem desolationis ... intellegat	Mt	24	15
De die autem illa et hora … solus (Mt 24, 36)	De die autem illa et hora … solus	Mt	24	36
Simile factum est regnum coelorum homini … in medio tritici et reliqua (Mt 13, 24-25)	Simile factum est regnum coelorum homini … in medio tritici et reliqua	Mt	13	24-25
Et ecce princeps … discipuli eius (Mt 9, 18-19)	Et ecce princeps … discipuli eius	Mt	9	18-19
Tunc respondens Petrus dixit: ecce nos ... erit nobis (Mt 19, 27)	Tunc respondens Petrus dixit: ecce nos ... erit nobis	Mt	19	27
Ame[n]  inquit dico vobis quod vos … Israhel (Mt 19, 28)	Ame[n]  inquit dico vobis quod vos … Israhel	Mt	19	28
Tunc respondens Petrus ... nobis (Mt 19, 27)	Tunc respondens Petrus ... nobis	Mt	19	27
Compulit Iesus discipulos suos ascendere … turbas (Mt 14, 22)	Compulit Iesus discipulos suos ascendere … turbas	Mt	14	22
Attendite a falsis prophetis qui veniunt ... rapaces (Mt  7, 15)	Attendite a falsis prophetis qui veniunt ... rapaces	Mt	7	15
Ascendens Iesus … ei paralyticum (Mt 9, 1-2)	Ascendens Iesus … ei paralyticum	Mt	9	1-2
In illa hora accesserunt discipuli … in regno coelorum (Mt 18, 1)	In illa hora accesserunt discipuli … in regno coelorum	Mt	18	1
In illa die accesserunt ad Iesum … multa certamina (Mt 22, 23)	In illa die accesserunt ad Iesum … multa certamina	Mt	22	23
In illa die accesserunt … non esse resurrectionem et reliqua (Mt 22, 23)	In illa die accesserunt … non esse resurrectionem et reliqua	Mt	22	23
Accesserunt ad Dominum … resurrectionem (Mt 22, 23)	Accesserunt ad Dominum … resurrectionem	Mt	22	23
In illa hora accesserunt … caelorum (Mt 18, 1)	In illa hora accesserunt … caelorum	Mt	18	1
Egressus Ihesus de templo ibat … templi (Mt 24, 1)	Egressus Ihesus de templo ibat … templi	Mt	24	1
Ideo assimilitatum est regnum caelorum … suis. (Mt 18, 23)	Ideo assimilitatum est regnum caelorum … suis.	Mt	18	23
Dixit Ihesus discipulis suis: ecce mitto vos ... luporum (Mt 10, 16)	Dixit Ihesus discipulis suis: ecce mitto vos ... luporum	Mt	10	16
In illa die accesserunt ad Ihesum sadducaei qui dicunt resurectionem non esse (Mt 22, 23)	In illa die accesserunt ad Ihesum sadducaei qui dicunt resurectionem non esse	Mt	22	23
Nihil enim opertum est … scietur (Mt 10, 26)	Nihil enim opertum est … scietur	Mt	10	26
Egressus Iesus ... templi (Mt 24, 1)	Egressus Iesus ... templi	Mt	24	1
Cum ergo videritis … qui legit intellegat (Mt 24, 15)	Cum ergo videritis … qui legit intellegat	Mt	24	15
Iohannis inquit audiens in vinculis opera Christi ... Expectamus? (Mt 11, 2-4)	Iohannis inquit audiens in vinculis opera Christi ... Expectamus?	Mt	11	2-4
Et ascendente iesu ... eius (Mt 8, 23)	Et ascendente iesu ... eius	Mt	8	23
Simile est …sua (Mt 20, 1)	Simile est …sua	Mt	20	1
In illo tempore exiens Ihesus de domo …multE (Mt 13 1-2)	In illo tempore exiens Ihesus de domo …multE	Mt	-	13 1-2
Cum autem ieiunatis … suam(Mt 6, 16)	Cum autem ieiunatis … suam	Mt	6	16
Audistis quia dictum est ... tuum (Mt 5, 43)	Audistis quia dictum est ... tuum	Mt	5	43
Accipe puerum et matrem eius (Mt 2, 13)	Accipe puerum et matrem eius	Mt	2	13
Defuncto autem Herode ecce angelus … et reliqua (Mt 2, 19-20)	Defuncto autem Herode ecce angelus … et reliqua	Mt	2	19-20
Descendente Iesu de monte secute sunt eum turbe multe (Mt 8, 1)	Descendente Iesu de monte secute sunt eum turbe multe	Mt	8	1
Cum autem ieiunatis nolite fieri ... mercedem suam (Mt 6, 16)	Cum autem ieiunatis nolite fieri ... mercedem suam	Mt	6	16
Audistis quia dictum est ... inimicum tuum (Mt 5, 43)	Audistis quia dictum est ... inimicum tuum	Mt	5	43
Scitis quia post biduum … crucifigatur (Mt 26, 2)	Scitis quia post biduum … crucifigatur	Mt	26	2
Vespere autem sabbati ... videre sepulchrum (Mt 28, 1)	Vespere autem sabbati ... videre sepulchrum	Mt	28	1
Vespere autem sabbati … videre sepulchrum (Mt 28, 1)	Vespere autem sabbati … videre sepulchrum	Mt	28	1
Vespere autem sabbati …  videre sepulchrum (Mt 28, 1)	Vespere autem sabbati …  videre sepulchrum	Mt	28	1
Audistis quia dictum est … et odies inimicum tuum (Mt  5,43)	Audistis quia dictum est … et odies inimicum tuum	Mt	5	43
Cum autem ieiunatis nolite fieri… perceperunt mercedem suam (Mt 6, 16)	Cum autem ieiunatis nolite fieri… perceperunt mercedem suam	Mt	6	16
Descendente Iesu de monte secutae sunt turbae multae (Mt 8, 1)	Descendente Iesu de monte secutae sunt turbae multae	Mt	8	1
Venit autem iesus in partes cesareae philippi (Mt 16, 13)	Venit autem iesus in partes cesareae philippi	Mt	16	13
Omnis qui irascitur fratri suo (Mt 5, 22)	Omnis qui irascitur fratri suo	Mt	5	22
Attendite a falsis prophetis ... lupi rapaces (Mt 7, 15)	Attendite a falsis prophetis ... lupi rapaces	Mt	7	15
Adtendite a falsis prophetis … lupi rapaces (Mt 7, 15)	Adtendite a falsis prophetis … lupi rapaces	Mt	7	15
Ecce ego mitto ad vos prophetas … in civitatem (Mt 23, 34)	Ecce ego mitto ad vos prophetas … in civitatem	Mt	23	34
Cum esset desponsata ... habens de spiritu sancto (Mt 1, 18)	Cum esset desponsata ... habens de spiritu sancto	Mt	1	18
De die … solus (Mt 24, 36)	De die … solus	Mt	24	36
Egressus Iesus … qui non destruatur (Mt 24, 1-14)	Egressus Iesus … qui non destruatur	Mt	24	1-14
Sicut enim homo … unum (Mt 25, 14-15)	Sicut enim homo … unum	Mt	25	14-15
Et interrogavit eum unus legis doctor (Mt 12, 35)	Et interrogavit eum unus legis doctor	Mt	12	35
Quid autem videm festucam ... non vides (Mt 7, 3)	Quid autem videm festucam ... non vides	Mt	7	3
Attendite a falsis prophetis … sunt lupi rapaces. (Mt 7, 15)	Attendite a falsis prophetis … sunt lupi rapaces.	Mt	7	15
In illa hora accesserunt discipuli … in regno caelorum. (Mt 18, 1)	In illa hora accesserunt discipuli … in regno caelorum.	Mt	18	1
Adtendite a falsis prophetis qui veniunt … sunt lupi rapaces (Mt 7, 15)	Adtendite a falsis prophetis qui veniunt … sunt lupi rapaces	Mt	7	15
Attendite a falsis prophetis ... rapaces (Mt 7, 15)	Attendite a falsis prophetis ... rapaces	Mt	7	15
Attendite a falsis prophetis … rapaces (Mt 7, 15)	Attendite a falsis prophetis … rapaces	Mt	7	15
Ecce ego mitto ad vos prophetas et sapientes … in civitatem. (Mt 23, 34)	Ecce ego mitto ad vos prophetas et sapientes … in civitatem.	Mt	23	34
In illo tempore audivit Herodes … in eo (Mt 14, 1-3)	In illo tempore audivit Herodes … in eo	Mt	14	1-3
Nihil enim opertum … scietur (Mt 10, 26)	Nihil enim opertum … scietur	Mt	10	26
Nolite arbitrari quia … sed gladium (Mt 10, 34).  Supra dixerat: quod dico vobis in tenebris … super tecta (Mt 10, 27)	Nolite arbitrari quia … sed gladium	Mt	10	34
In illa die accesserunt ad Iesum ... resurretionem (Mt 22, 23 )	In illa die accesserunt ad Iesum ... resurretionem	Mt	22	23
In illa die accesserunt ad Iesum ... resurrectionem (Mt 22, 23)	In illa die accesserunt ad Iesum ... resurrectionem	Mt	22	23
In illa hora accesserunt ... caelorum (Mt 18, 1)	In illa hora accesserunt ... caelorum	Mt	18	1
Vespere sabbati ... sepulcrum (Mt 28,1)	Vespere sabbati ... sepulcrum	Mt	28	1
Cum esset desponsata … sancto (Mt 18, 1)	Cum esset desponsata … sancto	Mt	18	1
Simile factum est regnum caelorum ... ... tritici et reliqua (Mt 13, 24-25)	Simile factum est regnum caelorum ... ... tritici et reliqua	Mt	13	24-25
Egressus Iesus de templo … templi (Mt 24,1)	Egressus Iesus de templo … templi	Mt	24	1
Egressus Iesus de templo ibat … destruatur (Mt 24,1-2)	Egressus Iesus de templo ibat … destruatur	Mt	24	1-2
Cum ergo videritis abominationem desolationis … intelligat (Mt 24, 15)	Cum ergo videritis abominationem desolationis … intelligat	Mt	24	15
De die autem ... scit (Mt 24, 36)	De die autem ... scit	Mt	24	36
Sicut enim homo proficiscens vocavit servos suos … vero unum  (Mt 25, 14-15)	Sicut enim homo proficiscens vocavit servos suos … vero unum	Mt	25	14-15
Audistis quia dictum est… inimicum tuum (Mt 5, 43)	Audistis quia dictum est… inimicum tuum	Mt	5	43
Et cum intrasset Iesus in Hierusolimam... a Nazareth Galileae (Mt 21, 10-11)	Et cum intrasset Iesus in Hierusolimam... a Nazareth Galileae	Mt	21	10-11
Accesserunt ad Iesum scribe… signum videre (Mt 12, 38)	Accesserunt ad Iesum scribe… signum videre	Mt	12	38
Tunc Iesus locutus est ad turbas… vero eorum ne faciatis  (Mt 23, 1-3)	Tunc Iesus locutus est ad turbas… vero eorum ne faciatis	Mt	23	1-3
De die autem illa et hora nemo scit nisi pater solus  (Mt 24, 36)	De die autem illa et hora nemo scit nisi pater solus	Mt	24	36
Quare discipuli tui transgrediuntur traditionem seniorum  (Mt 15, 2)	Quare discipuli tui transgrediuntur traditionem seniorum	Mt	15	2
Et ecce princeps unus accessit ... et vivet (Mt 9, 18)	Et ecce princeps unus accessit ... et vivet	Mt	9	18
Angelus domini per somnium apparuit ioseph (Mt 1, 20)	Angelus domini per somnium apparuit ioseph	Mt	1	20
Descendente ihesus de monte secute sunt eum turbe multe (Mt 8, 1)	Descendente ihesus de monte secute sunt eum turbe multe	Mt	8	1
In illa die accesserunt … non esse resurrectionem. (Mt 22, 23)	In illa die accesserunt … non esse resurrectionem.	Mt	22	23
Accesserunt ad Iesum …videre (Mt 12, 38)	Accesserunt ad Iesum …videre	Mt	12	38
Cum autem venerit … gentes (Mt 25, 31-32)	Cum autem venerit … gentes	Mt	25	31-32
Attendite a falsis prophetis qui veniunt … sunt lupi rapaces (Mt 7, 15)	Attendite a falsis prophetis qui veniunt … sunt lupi rapaces	Mt	7	15
Tunc Iesus … eorum (Mt 23, 1-3)	Tunc Iesus … eorum	Mt	23	1-3
Et ascendit Iesus Hierusolimam …suos (Mt 20, 17)	Et ascendit Iesus Hierusolimam …suos	Mt	20	17
Homo erat pater familias (Mt 21, 33)	Homo erat pater familias	Mt	21	33
Nolite iudicare ne iudicetur … remetietur vobis (Mt 7, 1-2)	Nolite iudicare ne iudicetur … remetietur vobis	Mt	7	1-2
Vespere autem sabbati que lucescit… videre sepulcrum (Mt 28, 1)	Vespere autem sabbati que lucescit… videre sepulcrum	Mt	28	1
Quare discipuli tui …seniorum? (Mt 15, 2)	Quare discipuli tui …seniorum?	Mt	15	2
Si autem peccaverit in te ... ipsum solum et reliqua (Mt 18, 15)	Si autem peccaverit in te ... ipsum solum et reliqua	Mt	18	15
Cum venisset Iesus …  febricitantem (Mt 8,14)	Cum venisset Iesus …  febricitantem	Mt	8	14
Tunc abeuntes pharisaei … cum Herodianis dicentes. (Mt 22, 15-16)	Tunc abeuntes pharisaei … cum Herodianis dicentes.	Mt	22	15-16
Scitis quia post biduum …crucifigatur (Mt 26, 2)	Scitis quia post biduum …crucifigatur	Mt	26	2
Ascendens Iesus … iacentem in lecto. (Mt 9, 1-2)	Ascendens Iesus … iacentem in lecto.	Mt	9	1-2
In illa die accessserunt … resurrectionem non esset. (Mt 22, 23)	In illa die accessserunt … resurrectionem non esset.	Mt	22	23
saducaeis convenerunt in unum (Mt 22, 34)	saducaeis convenerunt in unum	Mt	22	34
Attendite a falsis prophetis … rapaces (Mt, 7, 15)	Attendite a falsis prophetis … rapaces	Mt,	7	15
Ecce ego mitto ad vos prophetas … in civitatem (Mt, 33, 34)	Ecce ego mitto ad vos prophetas … in civitatem	Mt,	33	34
Et cum intrasset iesus hierusolimam commota est universa civitas … galilee (Mt. 21, 10-11)	Et cum intrasset iesus hierusolimam commota est universa civitas … galilee	Mt.	21	10-11
Quare discipuli tui ... seniorum (Mt. 15, 2)	Quare discipuli tui ... seniorum	Mt.	15	2
Accessit ad eum centurio  rogans … et curabo eum. Et cetera. (Mt. 8, 5-7)	Accessit ad eum centurio  rogans … et curabo eum. Et cetera.	Mt.	8	5-7
Audistis quia dictum est: diliges proximum tuum et odies inimicum tuum (Mt. 5, 43)	Audistis quia dictum est: diliges proximum tuum et odies inimicum tuum	Mt.	5	43
In illo die exiens iesus de domo …. multe (Mt. 13, 1-2)	In illo die exiens iesus de domo …. multe	Mt.	13	1-2
Et cum intrasset hierusolimam commota est universa civitas dicens: quis est hic? (Mt. 21, 10)	Et cum intrasset hierusolimam commota est universa civitas dicens: quis est hic?	Mt.	21	10
Adtendite ne iustitiam vestram faciatis coram hominibus (Mt. 6,1)	Adtendite ne iustitiam vestram faciatis coram hominibus	Mt.	6	1
Tunc responderunt ei quidam de scribis et phariseis dicaentes: magister volumus a te signum … in ventre ceti et cetera.  (Mt. 12, 38-40)	Tunc responderunt ei quidam de scribis et phariseis dicaentes: magister volumus a te signum … in ventre ceti et cetera.	Mt.	12	38-40
Tunc iesus locutus est ad turbas et ad discipulos dicens: super cathedram … nolite facere (Mt. 23, 1-3)	Tunc iesus locutus est ad turbas et ad discipulos dicens: super cathedram … nolite facere	Mt.	23	1-3
In illo tempore cum esset desponsata ... habens de spiritu sancto, et reliqua (Mt. 1, 18)	In illo tempore cum esset desponsata ... habens de spiritu sancto, et reliqua	Mt.	1	18
Simile factum est regnum celorum … zizania in medio tritici et reliqua. (Mt. 13, 24-25)	Simile factum est regnum celorum … zizania in medio tritici et reliqua.	Mt.	13	24-25
Accesserunt ad iesum quidam de scribi …. videre.  (Mt. 12,38)	Accesserunt ad iesum quidam de scribi …. videre.	Mt.	12	38
Exaudi Deus orationem  … animam meam (Ps 63, 2)	Exaudi Deus orationem  … animam meam	Ps	63	2
Exaudi Deus orationem … animam meam (Ps 63, 2)	Exaudi Deus orationem … animam meam	Ps	63	2
Igitur sicut per unius delictum …vitae (Rm 5, 18)	Igitur sicut per unius delictum …vitae	Rm	5	18
Quicumque baptizati sumus … in Christo … sumus (Rm 6, 3)	Quicumque baptizati sumus … in Christo … sumus	Rm	6	3
Exaudi Deus orationem meam dum tribulor … animam meam (Sal 63, 2)	Exaudi Deus orationem meam dum tribulor … animam meam	Sal	63	2
Iustorum animae … illorum et cetera (Sap 3, 1-2)	Iustorum animae … illorum et cetera	Sap	3	1-2
Oportet semper orare et non deficere (lc 18, 1)	Oportet semper orare et non deficere	lc	18	1
