Autore/Opera	author	opera	Forma
1 Cor 11, 20-12, 13	1 Cor 11	 20-12, 13	lectio
1 Cor 11, 20-24	1 Cor 11	 20-24	nan
1 Cor 11, 25-34	1 Cor 11	 25-34	nan
1 Cor 12, 1-13	1 Cor 12	 1-13	nan
1 Cr 21, 18-22, 16	1 Cr 21	 18-22, 16	lectio
1 Cr 28, 1-29, 21	1 Cr 28	 1-29, 21	lectio
1 Paralip. 21, 18-23, 5; 28, 1-29, 25	1 Paralip. 21	 18-23, 5; 28, 1-29, 25	lectio
1 Tm  3, 16	1 Tm  3	 16	lectio
2 Cor 11, 19-12, 9	2 Cor 11	 19-12, 9	lectio
2 Cr 5, 1-7, 16	2 Cr 5	 1-7, 16	lectio
Act 9, 1-28	Act 9	 1-28	lectio
Adalbertus Pragensis, Hom. in natale s. Alexii	Adalbertus Pragensis	 Hom. in natale s. Alexii	homelia (nct)
Alcuinus, In Ioh II, 5	Alcuinus	 In Ioh II, 5	homelia (nct)
Alphanus Salernitanus, Carm. 37 De s. Petro apostolo	Alphanus Salernitanus	 Carm. 37 De s. Petro apostolo	versus
Ambrosiaster, In Rm  8, 18	Ambrosiaster	 In Rm  8, 18	homelia (nct)
Ambrosiaster, In Rm 5, 18-6, 2	Ambrosiaster	 In Rm 5, 18-6, 2	lectio
Ambrosiaster, In Rm 6, 3-11	Ambrosiaster	 In Rm 6, 3-11	homelia (nct)
Ambrosiaster, in Rm 5, 5, 5-12	Ambrosiaster	 in Rm 5, 5, 5-12	homelia (nct)
Ambrosius, De fide II, 4, 37-8, 65; 9, 77-79; 10, 88-12, 106; 14, 128	Ambrosius	 De fide II, 4, 37-8, 65; 9, 77-79; 10, 88-12, 106; 14, 128	homelia (nct)
Ambrosius, De inst. virg. 33-35; 44-45; 51-64	Ambrosius	 De inst. virg. 33-35; 44-45; 51-64	homelia (nct)
Ambrosius, De virg. I, 2	Ambrosius	 De virg. I, 2	homelia (nct)
Ambrosius, De virg. I, 4-11	Ambrosius	 De virg. I, 4-11	homelia (nct)
Ambrosius, De virg. II, 6-17	Ambrosius	 De virg. II, 6-17	homelia (nct)
Ambrosius, De virg. II,2, 6-17	Ambrosius	 De virg. II,2, 6-17	homelia (nct)
Ambrosius, Ep. 77	Ambrosius	 Ep. 77	homelia (nct)
Ambrosius, In Lc 1, 17-21	Ambrosius	 In Lc 1, 17-21	homelia (nct)
Ambrosius, In Lc 8, 33-52	Ambrosius	 In Lc 8, 33-52	homelia (nct)
Ambrosius, In Lc I, 15-17	Ambrosius	 In Lc I, 15-17	homelia (nct)
Ambrosius, In Lc I, 15-46	Ambrosius	 In Lc I, 15-46	homelia (nct)
Ambrosius, In Lc I, 21-23	Ambrosius	 In Lc I, 21-23	homelia (nct)
Ambrosius, In Lc I, 24-42	Ambrosius	 In Lc I, 24-42	homelia (nct)
Ambrosius, In Lc I, 42-46	Ambrosius	 In Lc I, 42-46	homelia (nct)
Ambrosius, In Lc II,  30-35	Ambrosius	 In Lc II,  30-35	nan
Ambrosius, In Lc II, 1-18	Ambrosius	 In Lc II, 1-18	homelia (nct)
Ambrosius, In Lc II, 1-3; 4; 5-9; 14-29	Ambrosius	 In Lc II, 1-3; 4; 5-9; 14-29	homelia (nct)
Ambrosius, In Lc II, 1-3; 4; 5-9;14-29	Ambrosius	 In Lc II, 1-3; 4; 5-9;14-29	homelia (nct)
Ambrosius, In Lc II, 19-29	Ambrosius	 In Lc II, 19-29	homelia (nct)
Ambrosius, In Lc II, 30-35	Ambrosius	 In Lc II, 30-35	homelia (nct)
Ambrosius, In Lc II, 36-49	Ambrosius	 In Lc II, 36-49	homelia (nct)
Ambrosius, In Lc II, 55-62	Ambrosius	 In Lc II, 55-62	homelia (nct)
Ambrosius, In Lc II, 58-63	Ambrosius	 In Lc II, 58-63	homelia (nct)
Ambrosius, In Lc II, 63-66	Ambrosius	 In Lc II, 63-66	homelia (nct)
Ambrosius, In Lc II, 67-73	Ambrosius	 In Lc II, 67-73	homelia (nct)
Ambrosius, In Lc II, 67-82	Ambrosius	 In Lc II, 67-82	homelia (nct)
Ambrosius, In Lc II, 83; 90; 91	Ambrosius	 In Lc II, 83; 90; 91	homelia (nct)
Ambrosius, In Lc IV, 43-45	Ambrosius	 In Lc IV, 43-45	homelia (nct)
Ambrosius, In Lc IV, 43-46	Ambrosius	 In Lc IV, 43-46	homelia (nct)
Ambrosius, In Lc IV, 43-53	Ambrosius	 In Lc IV, 43-53	homelia (nct)
Ambrosius, In Lc IV, 43-56	Ambrosius	 In Lc IV, 43-56	homelia (nct)
Ambrosius, In Lc IV, 57-61	Ambrosius	 In Lc IV, 57-61	homelia (nct)
Ambrosius, In Lc IV, 57-67	Ambrosius	 In Lc IV, 57-67	homelia (nct)
Ambrosius, In Lc IV, 57-67	Ambrosius	 In Lc IV, 57-67	nan
Ambrosius, In Lc IV, 68-79	Ambrosius	 In Lc IV, 68-79	homelia (nct)
Ambrosius, In Lc V, 88-92	Ambrosius	 In Lc V, 88-92	homelia (nct)
Ambrosius, In Lc V, 89-92	Ambrosius	 In Lc V, 89-92	homelia (nct)
Ambrosius, In Lc VII	Ambrosius	 In Lc VII	homelia (nct)
Ambrosius, In Lc VII,  122-130	Ambrosius	 In Lc VII,  122-130	homelia (nct)
Ambrosius, In Lc VII, 100-108	Ambrosius	 In Lc VII, 100-108	homelia (nct)
Ambrosius, In Lc VII, 122-126	Ambrosius	 In Lc VII, 122-126	homelia (nct)
Ambrosius, In Lc VII, 122-130	Ambrosius	 In Lc VII, 122-130	homelia (nct)
Ambrosius, In Lc VII, 123-130	Ambrosius	 In Lc VII, 123-130	homelia (nct)
Ambrosius, In Lc VII, 173-175	Ambrosius	 In Lc VII, 173-175	homelia (nct)
Ambrosius, In Lc VII, 207-211	Ambrosius	 In Lc VII, 207-211	homelia (nct)
Ambrosius, In Lc VII, 46-65	Ambrosius	 In Lc VII, 46-65	homelia (nct)
Ambrosius, In Lc VII, 71-86	Ambrosius	 In Lc VII, 71-86	homelia (nct)
Ambrosius, In Lc VII, 87-90	Ambrosius	 In Lc VII, 87-90	homelia (nct)
Ambrosius, In Lc VII, 98-99	Ambrosius	 In Lc VII, 98-99	homelia (nct)
Ambrosius, In Lc VIII, 21-24	Ambrosius	 In Lc VIII, 21-24	homelia (nct)
Ambrosius, In Lc VIII, 21-27	Ambrosius	 In Lc VIII, 21-27	homelia (nct)
Ambrosius, In Lc VIII, 65-79	Ambrosius	 In Lc VIII, 65-79	homelia (nct)
Ambrosius, In Lc VIII, 80-90	Ambrosius	 In Lc VIII, 80-90	homelia (nct)
Ambrosius, In Lc X, 14-21	Ambrosius	 In Lc X, 14-21	homelia (nct)
Ambrosius, In Lc X, 14-21	Ambrosius	 In Lc X, 14-21	nan
Ambrosius, In Lc X, 147-174	Ambrosius	 In Lc X, 147-174	homelia (nct)
Ambrosius, in Lc IV, 68-79	Ambrosius	 in Lc IV, 68-79	homelia (nct)
Ambrosius, in Lc V, 83-88	Ambrosius	 in Lc V, 83-88	homelia (nct)
Ambrosius, in Lc VII, 122-130	Ambrosius	 in Lc VII, 122-130	homelia (nct)
Ambrosius Autpertus, De assumptione:	Ambrosius Autpertus	 De assumptione:	homelia (nct)
Ambrosius Autpertus, S. De transfiguratione	Ambrosius Autpertus	 S. De transfiguratione	homelia (nct)
Ambrosius Autpertus, S. de assumpt.	Ambrosius Autpertus	 S. de assumpt.	homelia (nct)
Ambrosius Autpertus, S. de assumpt., 10-12	Ambrosius Autpertus	 S. de assumpt., 10-12	homelia (nct)
Ambrosius Autpertus, S. de assumptione	Ambrosius Autpertus	 S. de assumptione	homelia (nct)
Ambrosius Autpertus, S. in purificatione s. Mariae	Ambrosius Autpertus	 S. in purificatione s. Mariae	homelia (nct)
Ambrosius Autpertus, S. in purificatione s. Mariae, 1-14	Ambrosius Autpertus	 S. in purificatione s. Mariae, 1-14	homelia (nct)
Ambrosius Autpertus, S. in purificatione s. Mariae, 1-2	Ambrosius Autpertus	 S. in purificatione s. Mariae, 1-2	homelia (nct)
Antipater Bostrensis, S. de beatissima virgine	Antipater Bostrensis	 S. de beatissima virgine	homelia (nct)
Ap 5, 1-8,5	Ap 5	 1-8,5	lectio
Ap. 1-4	Ap. 1-4		homelia (nct)
At 1, 1-26	At 1	 1-26	lectio
At 1-2, 41-47	At 1-2	 41-47	lectio
At 2, 1-47	At 2	 1-47	lectio
At 6-8, 2	At 6-8	 2	lectio
At 6-8, 4	At 6-8	 4	homelia (nct)
At 9, 1-31	At 9	 1-31	homelia (nct)
At 9, 1-31	At 9	 1-31	lectio
At II, 1-39	At II	 1-39	lectio
Augustin, Tract. in Io h. 83, 2-3 + 84	Augustin	 Tract. in Io h. 83, 2-3 + 84	homelia (nct)
Augustin, Tract. in Ioh. 118	Augustin	 Tract. in Ioh. 118	homelia (nct)
Augustinus,  Tract. in Io 123	Augustinus	  Tract. in Io 123	homelia (nct)
Augustinus, De S. Dom. in monte II, 18, 59-61	Augustinus	 De S. Dom. in monte II, 18, 59-61	homelia (nct)
Augustinus, De S. Dom. in monte II, 18, 63-66	Augustinus	 De S. Dom. in monte II, 18, 63-66	homelia (nct)
Augustinus, De Trin., VIII, 10	Augustinus	 De Trin., VIII, 10	homelia (nct)
Augustinus, De civ. XVIII, 26-36	Augustinus	 De civ. XVIII, 26-36	nan
Augustinus, De civ. XX, 5	Augustinus	 De civ. XX, 5	homelia (nct)
Augustinus, De consensu evangelistarum III, 24, 65	Augustinus	 De consensu evangelistarum III, 24, 65	homelia (nct)
Augustinus, De doctr. Christ. I, 37-40	Augustinus	 De doctr. Christ. I, 37-40	homelia (nct)
Augustinus, De s. Dom. in monte II, 18, 59-19, 66	Augustinus	 De s. Dom. in monte II, 18, 59-19, 66	homelia (nct)
Augustinus, De s. Dom. in monte II, 18, 59-61	Augustinus	 De s. Dom. in monte II, 18, 59-61	homelia (nct)
Augustinus, De s. Dom. in monte II, 19, 63-66	Augustinus	 De s. Dom. in monte II, 19, 63-66	homelia (nct)
Augustinus, Divers. quaest. 83, 59 (= Eugippius, Exc. Aug. 277)	Augustinus	 Divers. quaest. 83, 59 (= Eugippius, Exc. Aug. 277)	homelia (nct)
Augustinus, Ep. 111	Augustinus	 Ep. 111	nan
Augustinus, In Io II	Augustinus	 In Io II	homelia (nct)
Augustinus, In Ps 63, 15-16	Augustinus	 In Ps 63, 15-16	nan
Augustinus, In Ps 63, 2-3	Augustinus	 In Ps 63, 2-3	homelia (nct)
Augustinus, In Ps 63, 8-13	Augustinus	 In Ps 63, 8-13	homelia (nct)
Augustinus, In Ps, 63, 2-8	Augustinus	 In Ps, 63, 2-8	homelia (nct)
Augustinus, In Ps, 63, 2-8	Augustinus	 In Ps, 63, 2-8	nan
Augustinus, In Ps. 63, 8-13	Augustinus	 In Ps. 63, 8-13	nan
Augustinus, Quaest. Ev. II, 19 (= Eugippius, Exc. Aug., 170)	Augustinus	 Quaest. Ev. II, 19 (= Eugippius, Exc. Aug., 170)	homelia (nct)
Augustinus, Quaest. Ev. II, 34 (= Eugippius, Exc. Aug., 175 )	Augustinus	 Quaest. Ev. II, 34 (= Eugippius, Exc. Aug., 175 )	homelia (nct)
Augustinus, S. (dubius) 377	Augustinus	 S. (dubius) 377	nan
Augustinus, S. 104	Augustinus	 S. 104	homelia (nct)
Augustinus, S. 104	Augustinus	 S. 104	nan
Augustinus, S. 107 A (Lambot 5)	Augustinus	 S. 107 A (Lambot 5)	homelia (nct)
Augustinus, S. 110	Augustinus	 S. 110	homelia (nct)
Augustinus, S. 112 A	Augustinus	 S. 112 A	nan
Augustinus, S. 112 A	Augustinus	 S. 112 A	homelia (nct)
Augustinus, S. 114	Augustinus	 S. 114	homelia (nct)
Augustinus, S. 114	Augustinus	 S. 114	nan
Augustinus, S. 123	Augustinus	 S. 123	homelia (nct)
Augustinus, S. 135 [cfr. Ps. Fulgentius, S. 35 (36)]	Augustinus	 S. 135 [cfr. Ps. Fulgentius, S. 35 (36)]	homelia (nct)
Augustinus, S. 136B (=Lambot 10)	Augustinus	 S. 136B (=Lambot 10)	nan
Augustinus, S. 136C (=Lambot 11)	Augustinus	 S. 136C (=Lambot 11)	nan
Augustinus, S. 145A	Augustinus	 S. 145A	homelia (nct)
Augustinus, S. 145A	Augustinus	 S. 145A	nan
Augustinus, S. 147	Augustinus	 S. 147	homelia (nct)
Augustinus, S. 167	Augustinus	 S. 167	homelia (nct)
Augustinus, S. 184	Augustinus	 S. 184	homelia (nct)
Augustinus, S. 185	Augustinus	 S. 185	homelia (nct)
Augustinus, S. 186	Augustinus	 S. 186	nan
Augustinus, S. 189	Augustinus	 S. 189	homelia (nct)
Augustinus, S. 190	Augustinus	 S. 190	homelia (nct)
Augustinus, S. 191	Augustinus	 S. 191	nan
Augustinus, S. 192	Augustinus	 S. 192	homelia (nct)
Augustinus, S. 193	Augustinus	 S. 193	homelia (nct)
Augustinus, S. 194	Augustinus	 S. 194	nan
Augustinus, S. 195	Augustinus	 S. 195	homelia (nct)
Augustinus, S. 199	Augustinus	 S. 199	homelia (nct)
Augustinus, S. 199	Augustinus	 S. 199	sermo
Augustinus, S. 200	Augustinus	 S. 200	homelia (nct)
Augustinus, S. 201	Augustinus	 S. 201	homelia (nct)
Augustinus, S. 201	Augustinus	 S. 201	nan
Augustinus, S. 202	Augustinus	 S. 202	homelia (nct)
Augustinus, S. 210	Augustinus	 S. 210	homelia (nct)
Augustinus, S. 210, 4-10	Augustinus	 S. 210, 4-10	nan
Augustinus, S. 225	Augustinus	 S. 225	homelia (nct)
Augustinus, S. 226	Augustinus	 S. 226	homelia (nct)
Augustinus, S. 227 (con varianti)	Augustinus	 S. 227 (con varianti)	homelia (nct)
Augustinus, S. 229 H  (Morin, 12), 1-2	Augustinus	 S. 229 H  (Morin, 12), 1-2	nan
Augustinus, S. 229 H (= Morin Guelf. 12), 1-2 (con conclusione pseudoepigrafa)	Augustinus	 S. 229 H (= Morin Guelf. 12), 1-2 (con conclusione pseudoepigrafa)	homelia (nct)
Augustinus, S. 229 O (= Morin, Guelf. 17)	Augustinus	 S. 229 O (= Morin, Guelf. 17)	nan
Augustinus, S. 229 O (= Morin, Guelf. 17)	Augustinus	 S. 229 O (= Morin, Guelf. 17)	homelia (nct)
Augustinus, S. 229 P (= Lambot 3)	Augustinus	 S. 229 P (= Lambot 3)	homelia (nct)
Augustinus, S. 235, 2	Augustinus	 S. 235, 2	homelia (nct)
Augustinus, S. 235; Ps. Fulgentius, S. 35 (36)	Augustinus	 S. 235; Ps. Fulgentius, S. 35 (36)	homelia (nct)
Augustinus, S. 239, 2; 4	Augustinus	 S. 239, 2; 4	homelia (nct)
Augustinus, S. 263, 1-2	Augustinus	 S. 263, 1-2	homelia (nct)
Augustinus, S. 265	Augustinus	 S. 265	homelia (nct)
Augustinus, S. 265B	Augustinus	 S. 265B	nan
Augustinus, S. 265B	Augustinus	 S. 265B	homelia (nct)
Augustinus, S. 277 A (= Caillau I, 47)	Augustinus	 S. 277 A (= Caillau I, 47)	homelia (nct)
Augustinus, S. 285, 1-3; 7	Augustinus	 S. 285, 1-3; 7	homelia (nct)
Augustinus, S. 287	Augustinus	 S. 287	homelia (nct)
Augustinus, S. 292	Augustinus	 S. 292	nan
Augustinus, S. 293 C (= Mai 101) (seguito da una breve conclusione)	Augustinus	 S. 293 C (= Mai 101) (seguito da una breve conclusione)	nan
Augustinus, S. 296	Augustinus	 S. 296	nan
Augustinus, S. 298	Augustinus	 S. 298	homelia (nct)
Augustinus, S. 299 B, 4-5 (= Morin Guelf. 23)	Augustinus	 S. 299 B, 4-5 (= Morin Guelf. 23)	homelia (nct)
Augustinus, S. 299 C, 1-3	Augustinus	 S. 299 C, 1-3	homelia (nct)
Augustinus, S. 299 C, 4-5	Augustinus	 S. 299 C, 4-5	homelia (nct)
Augustinus, S. 299 C, 4-7	Augustinus	 S. 299 C, 4-7	homelia (nct)
Augustinus, S. 299 F (= Lambot 9)	Augustinus	 S. 299 F (= Lambot 9)	homelia (nct)
Augustinus, S. 304	Augustinus	 S. 304	homelia (nct)
Augustinus, S. 31	Augustinus	 S. 31	homelia (nct)
Augustinus, S. 313 B (Denis 15)	Augustinus	 S. 313 B (Denis 15)	homelia (nct)
Augustinus, S. 313 D (= Morin Guelf. 27)	Augustinus	 S. 313 D (= Morin Guelf. 27)	homelia (nct)
Augustinus, S. 313 E (= Morin Guelf. 28)	Augustinus	 S. 313 E (= Morin Guelf. 28)	homelia (nct)
Augustinus, S. 314	Augustinus	 S. 314	nan
Augustinus, S. 314	Augustinus	 S. 314	homelia (nct)
Augustinus, S. 316	Augustinus	 S. 316	homelia (nct)
Augustinus, S. 316	Augustinus	 S. 316	nan
Augustinus, S. 318	Augustinus	 S. 318	homelia (nct)
Augustinus, S. 330	Augustinus	 S. 330	homelia (nct)
Augustinus, S. 334	Augustinus	 S. 334	homelia (nct)
Augustinus, S. 335 A (= Frangipane 6)	Augustinus	 S. 335 A (= Frangipane 6)	homelia (nct)
Augustinus, S. 335 D (= Lambot 6)	Augustinus	 S. 335 D (= Lambot 6)	homelia (nct)
Augustinus, S. 335 E (= Lambot 7)	Augustinus	 S. 335 E (= Lambot 7)	homelia (nct)
Augustinus, S. 335 F (= Lambot 14)	Augustinus	 S. 335 F (= Lambot 14)	homelia (nct)
Augustinus, S. 335 G (Lambot 15)	Augustinus	 S. 335 G (Lambot 15)	homelia (nct)
Augustinus, S. 336 (versione abbreviata)	Augustinus	 S. 336 (versione abbreviata)	homelia (nct)
Augustinus, S. 350	Augustinus	 S. 350	homelia (nct)
Augustinus, S. 350, 1-3	Augustinus	 S. 350, 1-3	homelia (nct)
Augustinus, S. 359 A (= Lambot 4)	Augustinus	 S. 359 A (= Lambot 4)	homelia (nct)
Augustinus, S. 369	Augustinus	 S. 369	nan
Augustinus, S. 369	Augustinus	 S. 369	homelia (nct)
Augustinus, S. 378	Augustinus	 S. 378	homelia (nct)
Augustinus, S. 381	Augustinus	 S. 381	homelia (nct)
Augustinus, S. 395	Augustinus	 S. 395	homelia (nct)
Augustinus, S. 396 D (= Lambot 8)	Augustinus	 S. 396 D (= Lambot 8)	homelia (nct)
Augustinus, S. 64 (= Lambot 12)	Augustinus	 S. 64 (= Lambot 12)	homelia (nct)
Augustinus, S. 71	Augustinus	 S. 71	homelia (nct)
Augustinus, S. 73 A (= Caillau II, 5)	Augustinus	 S. 73 A (= Caillau II, 5)	homelia (nct)
Augustinus, S. 75	Augustinus	 S. 75	homelia (nct)
Augustinus, S. 82	Augustinus	 S. 82	homelia (nct)
Augustinus, S. 82	Augustinus	 S. 82	nan
Augustinus, S. 83	Augustinus	 S. 83	nan
Augustinus, S. 93	Augustinus	 S. 93	homelia (nct)
Augustinus, S. 94 A	Augustinus	 S. 94 A	homelia (nct)
Augustinus, S. 97	Augustinus	 S. 97	homelia (nct)
Augustinus, S. 97 A	Augustinus	 S. 97 A	homelia (nct)
Augustinus, S. Frangipane 7 [= 293A]	Augustinus	 S. Frangipane 7 [= 293A]	homelia (nct)
Augustinus, S. Frangipane 8	Augustinus	 S. Frangipane 8	homelia (nct)
Augustinus, Tract in Ioh 119-120, 5	Augustinus	 Tract in Ioh 119-120, 5	homelia (nct)
Augustinus, Tract, in Ioh. 56	Augustinus	 Tract, in Ioh. 56	homelia (nct)
Augustinus, Tract. In Io 11, 3-7; 15	Augustinus	 Tract. In Io 11, 3-7; 15	homelia (nct)
Augustinus, Tract. In Io 12, 12-14	Augustinus	 Tract. In Io 12, 12-14	homelia (nct)
Augustinus, Tract. In Io 16, 3-7	Augustinus	 Tract. In Io 16, 3-7	homelia (nct)
Augustinus, Tract. In Io 74, 1	Augustinus	 Tract. In Io 74, 1	homelia (nct)
Augustinus, Tract. In Ioh 29	Augustinus	 Tract. In Ioh 29	homelia (nct)
Augustinus, Tract. In Ioh 43	Augustinus	 Tract. In Ioh 43	homelia (nct)
Augustinus, Tract. In Ioh. 1	Augustinus	 Tract. In Ioh. 1	homelia (nct)
Augustinus, Tract. In Ioh. 15	Augustinus	 Tract. In Ioh. 15	nan
Augustinus, Tract. In Ioh. 32	Augustinus	 Tract. In Ioh. 32	homelia (nct)
Augustinus, Tract. In Ioh. 34	Augustinus	 Tract. In Ioh. 34	homelia (nct)
Augustinus, Tract. In Ioh. 49, 1-25	Augustinus	 Tract. In Ioh. 49, 1-25	nan
Augustinus, Tract. In Ioh. 74, 1	Augustinus	 Tract. In Ioh. 74, 1	homelia (nct)
Augustinus, Tract. In Ioh. 92	Augustinus	 Tract. In Ioh. 92	homelia (nct)
Augustinus, Tract. In Ioh. 93	Augustinus	 Tract. In Ioh. 93	homelia (nct)
Augustinus, Tract. in Io 24	Augustinus	 Tract. in Io 24	homelia (nct)
Augustinus, Tract. in Io 45, 1-6	Augustinus	 Tract. in Io 45, 1-6	homelia (nct)
Augustinus, Tract. in Io 5, 1-9,; 20	Augustinus	 Tract. in Io 5, 1-9,; 20	homelia (nct)
Augustinus, Tract. in Io 67-68	Augustinus	 Tract. in Io 67-68	homelia (nct)
Augustinus, Tract. in Io 69	Augustinus	 Tract. in Io 69	homelia (nct)
Augustinus, Tract. in Io 80-81	Augustinus	 Tract. in Io 80-81	homelia (nct)
Augustinus, Tract. in Ioh 10, 1-6	Augustinus	 Tract. in Ioh 10, 1-6	homelia (nct)
Augustinus, Tract. in Ioh 112-118	Augustinus	 Tract. in Ioh 112-118	homelia (nct)
Augustinus, Tract. in Ioh 12, 14	Augustinus	 Tract. in Ioh 12, 14	homelia (nct)
Augustinus, Tract. in Ioh 3, 1-10	Augustinus	 Tract. in Ioh 3, 1-10	homelia (nct)
Augustinus, Tract. in Ioh 31, 8-11 + 32, 1-8	Augustinus	 Tract. in Ioh 31, 8-11 + 32, 1-8	homelia (nct)
Augustinus, Tract. in Ioh 34-36, 1-2	Augustinus	 Tract. in Ioh 34-36, 1-2	homelia (nct)
Augustinus, Tract. in Ioh 34-36, 1-2	Augustinus	 Tract. in Ioh 34-36, 1-2	nan
Augustinus, Tract. in Ioh 37	Augustinus	 Tract. in Ioh 37	homelia (nct)
Augustinus, Tract. in Ioh 42, 14- 16	Augustinus	 Tract. in Ioh 42, 14- 16	homelia (nct)
Augustinus, Tract. in Ioh 42, 15-16 + 43	Augustinus	 Tract. in Ioh 42, 15-16 + 43	homelia (nct)
Augustinus, Tract. in Ioh 49, 1-12	Augustinus	 Tract. in Ioh 49, 1-12	homelia (nct)
Augustinus, Tract. in Ioh 50, 5-14	Augustinus	 Tract. in Ioh 50, 5-14	homelia (nct)
Augustinus, Tract. in Ioh 51, 1-8	Augustinus	 Tract. in Ioh 51, 1-8	homelia (nct)
Augustinus, Tract. in Ioh 52	Augustinus	 Tract. in Ioh 52	nan
Augustinus, Tract. in Ioh 55-56	Augustinus	 Tract. in Ioh 55-56	homelia (nct)
Augustinus, Tract. in Ioh 59	Augustinus	 Tract. in Ioh 59	homelia (nct)
Augustinus, Tract. in Ioh 59-60	Augustinus	 Tract. in Ioh 59-60	homelia (nct)
Augustinus, Tract. in Ioh, 121, 4-5	Augustinus	 Tract. in Ioh, 121, 4-5	homelia (nct)
Augustinus, Tract. in Ioh.  43	Augustinus	 Tract. in Ioh.  43	homelia (nct)
Augustinus, Tract. in Ioh.  48, 1-6	Augustinus	 Tract. in Ioh.  48, 1-6	homelia (nct)
Augustinus, Tract. in Ioh. 10	Augustinus	 Tract. in Ioh. 10	homelia (nct)
Augustinus, Tract. in Ioh. 10	Augustinus	 Tract. in Ioh. 10	nan
Augustinus, Tract. in Ioh. 10 +11, 2	Augustinus	 Tract. in Ioh. 10 +11, 2	homelia (nct)
Augustinus, Tract. in Ioh. 10, 1-4	Augustinus	 Tract. in Ioh. 10, 1-4	homelia (nct)
Augustinus, Tract. in Ioh. 10, 1-6	Augustinus	 Tract. in Ioh. 10, 1-6	homelia (nct)
Augustinus, Tract. in Ioh. 10-11, 1-2	Augustinus	 Tract. in Ioh. 10-11, 1-2	homelia (nct)
Augustinus, Tract. in Ioh. 10-11, 1-2	Augustinus	 Tract. in Ioh. 10-11, 1-2	sermo
Augustinus, Tract. in Ioh. 101	Augustinus	 Tract. in Ioh. 101	homelia (nct)
Augustinus, Tract. in Ioh. 102	Augustinus	 Tract. in Ioh. 102	homelia (nct)
Augustinus, Tract. in Ioh. 103	Augustinus	 Tract. in Ioh. 103	homelia (nct)
Augustinus, Tract. in Ioh. 104	Augustinus	 Tract. in Ioh. 104	homelia (nct)
Augustinus, Tract. in Ioh. 11	Augustinus	 Tract. in Ioh. 11	homelia (nct)
Augustinus, Tract. in Ioh. 112, 1-3	Augustinus	 Tract. in Ioh. 112, 1-3	homelia (nct)
Augustinus, Tract. in Ioh. 112-113	Augustinus	 Tract. in Ioh. 112-113	homelia (nct)
Augustinus, Tract. in Ioh. 119	Augustinus	 Tract. in Ioh. 119	homelia (nct)
Augustinus, Tract. in Ioh. 120, 1-5 [interpolato]	Augustinus	 Tract. in Ioh. 120, 1-5 [interpolato]	homelia (nct)
Augustinus, Tract. in Ioh. 120, 6-9	Augustinus	 Tract. in Ioh. 120, 6-9	homelia (nct)
Augustinus, Tract. in Ioh. 121, 1-4	Augustinus	 Tract. in Ioh. 121, 1-4	homelia (nct)
Augustinus, Tract. in Ioh. 121, 4-5	Augustinus	 Tract. in Ioh. 121, 4-5	homelia (nct)
Augustinus, Tract. in Ioh. 122	Augustinus	 Tract. in Ioh. 122	homelia (nct)
Augustinus, Tract. in Ioh. 123, 4-5	Augustinus	 Tract. in Ioh. 123, 4-5	homelia (nct)
Augustinus, Tract. in Ioh. 123, 4-5	Augustinus	 Tract. in Ioh. 123, 4-5	nan
Augustinus, Tract. in Ioh. 124	Augustinus	 Tract. in Ioh. 124	homelia (nct)
Augustinus, Tract. in Ioh. 124 (versione abbreviata)	Augustinus	 Tract. in Ioh. 124 (versione abbreviata)	homelia (nct)
Augustinus, Tract. in Ioh. 15	Augustinus	 Tract. in Ioh. 15	homelia (nct)
Augustinus, Tract. in Ioh. 15, 1-11	Augustinus	 Tract. in Ioh. 15, 1-11	homelia (nct)
Augustinus, Tract. in Ioh. 15, 5-33	Augustinus	 Tract. in Ioh. 15, 5-33	sermo
Augustinus, Tract. in Ioh. 15, 5-33	Augustinus	 Tract. in Ioh. 15, 5-33	homelia (nct)
Augustinus, Tract. in Ioh. 16, 3-7	Augustinus	 Tract. in Ioh. 16, 3-7	homelia (nct)
Augustinus, Tract. in Ioh. 16, 3-7	Augustinus	 Tract. in Ioh. 16, 3-7	nan
Augustinus, Tract. in Ioh. 17	Augustinus	 Tract. in Ioh. 17	homelia (nct)
Augustinus, Tract. in Ioh. 17	Augustinus	 Tract. in Ioh. 17	nan
Augustinus, Tract. in Ioh. 17, 1-12	Augustinus	 Tract. in Ioh. 17, 1-12	nan
Augustinus, Tract. in Ioh. 24	Augustinus	 Tract. in Ioh. 24	homelia (nct)
Augustinus, Tract. in Ioh. 24	Augustinus	 Tract. in Ioh. 24	nan
Augustinus, Tract. in Ioh. 26	Augustinus	 Tract. in Ioh. 26	homelia (nct)
Augustinus, Tract. in Ioh. 28	Augustinus	 Tract. in Ioh. 28	homelia (nct)
Augustinus, Tract. in Ioh. 28	Augustinus	 Tract. in Ioh. 28	nan
Augustinus, Tract. in Ioh. 28, 1-6	Augustinus	 Tract. in Ioh. 28, 1-6	homelia (nct)
Augustinus, Tract. in Ioh. 29	Augustinus	 Tract. in Ioh. 29	nan
Augustinus, Tract. in Ioh. 29, 1-7	Augustinus	 Tract. in Ioh. 29, 1-7	homelia (nct)
Augustinus, Tract. in Ioh. 29-30	Augustinus	 Tract. in Ioh. 29-30	homelia (nct)
Augustinus, Tract. in Ioh. 31, 8-11	Augustinus	 Tract. in Ioh. 31, 8-11	homelia (nct)
Augustinus, Tract. in Ioh. 31, 8-11 +  Tract. in Ioh. 32, 1-6	Augustinus	 Tract. in Ioh. 31, 8-11 +  Tract. in Ioh. 32, 1-6	homelia (nct)
Augustinus, Tract. in Ioh. 31, 8-11 + 32	Augustinus	 Tract. in Ioh. 31, 8-11 + 32	homelia (nct)
Augustinus, Tract. in Ioh. 31, 8-11; 32, 1-5.	Augustinus	 Tract. in Ioh. 31, 8-11; 32, 1-5.	nan
Augustinus, Tract. in Ioh. 33	Augustinus	 Tract. in Ioh. 33	homelia (nct)
Augustinus, Tract. in Ioh. 33	Augustinus	 Tract. in Ioh. 33	nan
Augustinus, Tract. in Ioh. 33, 1-2	Augustinus	 Tract. in Ioh. 33, 1-2	homelia (nct)
Augustinus, Tract. in Ioh. 34, 1-5	Augustinus	 Tract. in Ioh. 34, 1-5	homelia (nct)
Augustinus, Tract. in Ioh. 34-36, 1-8	Augustinus	 Tract. in Ioh. 34-36, 1-8	homelia (nct)
Augustinus, Tract. in Ioh. 34-37	Augustinus	 Tract. in Ioh. 34-37	homelia (nct)
Augustinus, Tract. in Ioh. 36, 9-13 + 37	Augustinus	 Tract. in Ioh. 36, 9-13 + 37	homelia (nct)
Augustinus, Tract. in Ioh. 38	Augustinus	 Tract. in Ioh. 38	homelia (nct)
Augustinus, Tract. in Ioh. 38	Augustinus	 Tract. in Ioh. 38	nan
Augustinus, Tract. in Ioh. 38, 1-2 +  10-11	Augustinus	 Tract. in Ioh. 38, 1-2 +  10-11	homelia (nct)
Augustinus, Tract. in Ioh. 39 + 40, 2-6	Augustinus	 Tract. in Ioh. 39 + 40, 2-6	sermo
Augustinus, Tract. in Ioh. 39, 1	Augustinus	 Tract. in Ioh. 39, 1	homelia (nct)
Augustinus, Tract. in Ioh. 39, 1-6	Augustinus	 Tract. in Ioh. 39, 1-6	homelia (nct)
Augustinus, Tract. in Ioh. 39, 1-6	Augustinus	 Tract. in Ioh. 39, 1-6	nan
Augustinus, Tract. in Ioh. 39, 6-8	Augustinus	 Tract. in Ioh. 39, 6-8	homelia (nct)
Augustinus, Tract. in Ioh. 39-40, 1-6	Augustinus	 Tract. in Ioh. 39-40, 1-6	homelia (nct)
Augustinus, Tract. in Ioh. 4,1-14	Augustinus	 Tract. in Ioh. 4,1-14	nan
Augustinus, Tract. in Ioh. 42, 14- 43	Augustinus	 Tract. in Ioh. 42, 14- 43	homelia (nct)
Augustinus, Tract. in Ioh. 42, 14-16 + 43	Augustinus	 Tract. in Ioh. 42, 14-16 + 43	homelia (nct)
Augustinus, Tract. in Ioh. 44	Augustinus	 Tract. in Ioh. 44	homelia (nct)
Augustinus, Tract. in Ioh. 44, 1-6	Augustinus	 Tract. in Ioh. 44, 1-6	homelia (nct)
Augustinus, Tract. in Ioh. 44, 4-17	Augustinus	 Tract. in Ioh. 44, 4-17	homelia (nct)
Augustinus, Tract. in Ioh. 44, 8-17	Augustinus	 Tract. in Ioh. 44, 8-17	homelia (nct)
Augustinus, Tract. in Ioh. 45	Augustinus	 Tract. in Ioh. 45	homelia (nct)
Augustinus, Tract. in Ioh. 45, 1-8	Augustinus	 Tract. in Ioh. 45, 1-8	homelia (nct)
Augustinus, Tract. in Ioh. 46	Augustinus	 Tract. in Ioh. 46	homelia (nct)
Augustinus, Tract. in Ioh. 47	Augustinus	 Tract. in Ioh. 47	homelia (nct)
Augustinus, Tract. in Ioh. 47, 1-9	Augustinus	 Tract. in Ioh. 47, 1-9	homelia (nct)
Augustinus, Tract. in Ioh. 48	Augustinus	 Tract. in Ioh. 48	homelia (nct)
Augustinus, Tract. in Ioh. 48	Augustinus	 Tract. in Ioh. 48	nan
Augustinus, Tract. in Ioh. 49, 1-18	Augustinus	 Tract. in Ioh. 49, 1-18	homelia (nct)
Augustinus, Tract. in Ioh. 49, 1-25	Augustinus	 Tract. in Ioh. 49, 1-25	homelia (nct)
Augustinus, Tract. in Ioh. 49, 1-25	Augustinus	 Tract. in Ioh. 49, 1-25	sermo
Augustinus, Tract. in Ioh. 49, 1-6	Augustinus	 Tract. in Ioh. 49, 1-6	homelia (nct)
Augustinus, Tract. in Ioh. 49, 26-28	Augustinus	 Tract. in Ioh. 49, 26-28	homelia (nct)
Augustinus, Tract. in Ioh. 49, 26-28	Augustinus	 Tract. in Ioh. 49, 26-28	nan
Augustinus, Tract. in Ioh. 5	Augustinus	 Tract. in Ioh. 5	homelia (nct)
Augustinus, Tract. in Ioh. 50	Augustinus	 Tract. in Ioh. 50	nan
Augustinus, Tract. in Ioh. 50, 14 + 51-52, 1-4	Augustinus	 Tract. in Ioh. 50, 14 + 51-52, 1-4	homelia (nct)
Augustinus, Tract. in Ioh. 50, 14-51, 8	Augustinus	 Tract. in Ioh. 50, 14-51, 8	homelia (nct)
Augustinus, Tract. in Ioh. 50, 14; 51, 2-8	Augustinus	 Tract. in Ioh. 50, 14; 51, 2-8	homelia (nct)
Augustinus, Tract. in Ioh. 50, 14; 51, 2-8	Augustinus	 Tract. in Ioh. 50, 14; 51, 2-8	nan
Augustinus, Tract. in Ioh. 50, 5-11	Augustinus	 Tract. in Ioh. 50, 5-11	homelia (nct)
Augustinus, Tract. in Ioh. 50, 5-14	Augustinus	 Tract. in Ioh. 50, 5-14	homelia (nct)
Augustinus, Tract. in Ioh. 50, 5-14 + 52, 5-14	Augustinus	 Tract. in Ioh. 50, 5-14 + 52, 5-14	homelia (nct)
Augustinus, Tract. in Ioh. 51, 8-13	Augustinus	 Tract. in Ioh. 51, 8-13	homelia (nct)
Augustinus, Tract. in Ioh. 51, 9-13	Augustinus	 Tract. in Ioh. 51, 9-13	homelia (nct)
Augustinus, Tract. in Ioh. 54	Augustinus	 Tract. in Ioh. 54	homelia (nct)
Augustinus, Tract. in Ioh. 55	Augustinus	 Tract. in Ioh. 55	homelia (nct)
Augustinus, Tract. in Ioh. 55, 3-7 + 58, 4-5	Augustinus	 Tract. in Ioh. 55, 3-7 + 58, 4-5	homelia (nct)
Augustinus, Tract. in Ioh. 56	Augustinus	 Tract. in Ioh. 56	homelia (nct)
Augustinus, Tract. in Ioh. 57	Augustinus	 Tract. in Ioh. 57	homelia (nct)
Augustinus, Tract. in Ioh. 58	Augustinus	 Tract. in Ioh. 58	homelia (nct)
Augustinus, Tract. in Ioh. 59 + 60, 1-2 + 61, 2-6 + 62 + 63, 2-3	Augustinus	 Tract. in Ioh. 59 + 60, 1-2 + 61, 2-6 + 62 + 63, 2-3	nan
Augustinus, Tract. in Ioh. 59, 1-3 + 60 + 61, 2-6 + 62 + 63, 2-3	Augustinus	 Tract. in Ioh. 59, 1-3 + 60 + 61, 2-6 + 62 + 63, 2-3	homelia (nct)
Augustinus, Tract. in Ioh. 59, 1-3 + 60 + 61, 2-6 + 62 + 63, 2-3	Augustinus	 Tract. in Ioh. 59, 1-3 + 60 + 61, 2-6 + 62 + 63, 2-3	nan
Augustinus, Tract. in Ioh. 59-60, 1-2	Augustinus	 Tract. in Ioh. 59-60, 1-2	homelia (nct)
Augustinus, Tract. in Ioh. 66	Augustinus	 Tract. in Ioh. 66	homelia (nct)
Augustinus, Tract. in Ioh. 67	Augustinus	 Tract. in Ioh. 67	homelia (nct)
Augustinus, Tract. in Ioh. 69	Augustinus	 Tract. in Ioh. 69	homelia (nct)
Augustinus, Tract. in Ioh. 7	Augustinus	 Tract. in Ioh. 7	homelia (nct)
Augustinus, Tract. in Ioh. 8 (versione abbreviata)	Augustinus	 Tract. in Ioh. 8 (versione abbreviata)	homelia (nct)
Augustinus, Tract. in Ioh. 80	Augustinus	 Tract. in Ioh. 80	homelia (nct)
Augustinus, Tract. in Ioh. 81	Augustinus	 Tract. in Ioh. 81	homelia (nct)
Augustinus, Tract. in Ioh. 81	Augustinus	 Tract. in Ioh. 81	nan
Augustinus, Tract. in Ioh. 82	Augustinus	 Tract. in Ioh. 82	homelia (nct)
Augustinus, Tract. in Ioh. 85	Augustinus	 Tract. in Ioh. 85	homelia (nct)
Augustinus, Tract. in Ioh. 86	Augustinus	 Tract. in Ioh. 86	homelia (nct)
Augustinus, Tract. in Ioh. 94	Augustinus	 Tract. in Ioh. 94	homelia (nct)
Augustinus, Tract. in Ioh. 95	Augustinus	 Tract. in Ioh. 95	homelia (nct)
Augustinus, Tract. in Ioh., 121, 4-5	Augustinus	 Tract. in Ioh., 121, 4-5	homelia (nct)
Augustinus, de s. Dom. in monte, II, 1, 1-3; 2, 5-6; 2, 8-9	Augustinus	 de s. Dom. in monte, II, 1, 1-3; 2, 5-6; 2, 8-9	homelia (nct)
Augustinus,Tract. in Io 26, 1-6	Augustinus	Tract. in Io 26, 1-6	homelia (nct)
Augustinus,Tract. in Ioh. 26, 1-8	Augustinus	Tract. in Ioh. 26, 1-8	homelia (nct)
Augustinus. De div. Quaest., 36	Augustinus. De div. Quaest.	 36	homelia (nct)
Beda, Hom. I, 1	Beda	 Hom. I, 1	homelia (nct)
Beda, Hom. I, 10	Beda	 Hom. I, 10	homelia (nct)
Beda, Hom. I, 11	Beda	 Hom. I, 11	homelia (nct)
Beda, Hom. I, 12	Beda	 Hom. I, 12	homelia (nct)
Beda, Hom. I, 14	Beda	 Hom. I, 14	homelia (nct)
Beda, Hom. I, 14	Beda	 Hom. I, 14	nan
Beda, Hom. I, 15	Beda	 Hom. I, 15	homelia (nct)
Beda, Hom. I, 16	Beda	 Hom. I, 16	homelia (nct)
Beda, Hom. I, 17	Beda	 Hom. I, 17	homelia (nct)
Beda, Hom. I, 18	Beda	 Hom. I, 18	homelia (nct)
Beda, Hom. I, 19	Beda	 Hom. I, 19	homelia (nct)
Beda, Hom. I, 2	Beda	 Hom. I, 2	homelia (nct)
Beda, Hom. I, 20	Beda	 Hom. I, 20	homelia (nct)
Beda, Hom. I, 20	Beda	 Hom. I, 20	nan
Beda, Hom. I, 21	Beda	 Hom. I, 21	homelia (nct)
Beda, Hom. I, 22	Beda	 Hom. I, 22	homelia (nct)
Beda, Hom. I, 23	Beda	 Hom. I, 23	homelia (nct)
Beda, Hom. I, 23	Beda	 Hom. I, 23	nan
Beda, Hom. I, 24	Beda	 Hom. I, 24	homelia (nct)
Beda, Hom. I, 24	Beda	 Hom. I, 24	nan
Beda, Hom. I, 25	Beda	 Hom. I, 25	homelia (nct)
Beda, Hom. I, 3	Beda	 Hom. I, 3	homelia (nct)
Beda, Hom. I, 3	Beda	 Hom. I, 3	nan
Beda, Hom. I, 4	Beda	 Hom. I, 4	homelia (nct)
Beda, Hom. I, 5	Beda	 Hom. I, 5	homelia (nct)
Beda, Hom. I, 6	Beda	 Hom. I, 6	homelia (nct)
Beda, Hom. I, 7	Beda	 Hom. I, 7	homelia (nct)
Beda, Hom. I, 8	Beda	 Hom. I, 8	nan
Beda, Hom. I, 8	Beda	 Hom. I, 8	homelia (nct)
Beda, Hom. I, 9	Beda	 Hom. I, 9	homelia (nct)
Beda, Hom. II, 10	Beda	 Hom. II, 10	homelia (nct)
Beda, Hom. II, 11	Beda	 Hom. II, 11	homelia (nct)
Beda, Hom. II, 12	Beda	 Hom. II, 12	homelia (nct)
Beda, Hom. II, 13	Beda	 Hom. II, 13	homelia (nct)
Beda, Hom. II, 14	Beda	 Hom. II, 14	homelia (nct)
Beda, Hom. II, 15	Beda	 Hom. II, 15	homelia (nct)
Beda, Hom. II, 16	Beda	 Hom. II, 16	homelia (nct)
Beda, Hom. II, 17	Beda	 Hom. II, 17	homelia (nct)
Beda, Hom. II, 18	Beda	 Hom. II, 18	homelia (nct)
Beda, Hom. II, 18	Beda	 Hom. II, 18	nan
Beda, Hom. II, 19	Beda	 Hom. II, 19	homelia (nct)
Beda, Hom. II, 2	Beda	 Hom. II, 2	homelia (nct)
Beda, Hom. II, 20	Beda	 Hom. II, 20	homelia (nct)
Beda, Hom. II, 21	Beda	 Hom. II, 21	homelia (nct)
Beda, Hom. II, 22	Beda	 Hom. II, 22	homelia (nct)
Beda, Hom. II, 23	Beda	 Hom. II, 23	homelia (nct)
Beda, Hom. II, 24	Beda	 Hom. II, 24	homelia (nct)
Beda, Hom. II, 25	Beda	 Hom. II, 25	homelia (nct)
Beda, Hom. II, 3	Beda	 Hom. II, 3	homelia (nct)
Beda, Hom. II, 6	Beda	 Hom. II, 6	homelia (nct)
Beda, Hom. II, 7	Beda	 Hom. II, 7	homelia (nct)
Beda, Hom. II, 7	Beda	 Hom. II, 7	nan
Beda, Hom. II, 8	Beda	 Hom. II, 8	homelia (nct)
Beda, Hom. II, 9	Beda	 Hom. II, 9	homelia (nct)
Beda, In Lc 5, 20	Beda	 In Lc 5, 20	homelia (nct)
Beda, In Lc I, 2	Beda	 In Lc I, 2	homelia (nct)
Beda, In Lc I, 2, 35	Beda	 In Lc I, 2, 35	homelia (nct)
Beda, In Lc I, 2, 39-40	Beda	 In Lc I, 2, 39-40	homelia (nct)
Beda, In Lc I, 59-75	Beda	 In Lc I, 59-75	homelia (nct)
Beda, In Lc II, 4	Beda	 In Lc II, 4	homelia (nct)
Beda, In Lc II, 4, 23-28 +  testo non id. + 29-30	Beda	 In Lc II, 4, 23-28 +  testo non id. + 29-30	homelia (nct)
Beda, In Lc II, 4, 23-28 + testo non id. + 29-30	Beda	 In Lc II, 4, 23-28 + testo non id. + 29-30	homelia (nct)
Beda, In Lc II, 4, 23-28 + testo non id. + 29-30	Beda	 In Lc II, 4, 23-28 + testo non id. + 29-30	nan
Beda, In Lc II, 4, 23-28 + testo non id. + 29-30	Beda	 In Lc II, 4, 23-28 + testo non id. + 29-30	sermo
Beda, In Lc II, 5	Beda	 In Lc II, 5	homelia (nct)
Beda, In Lc II, 5	Beda	 In Lc II, 5	nan
Beda, In Lc II, 6	Beda	 In Lc II, 6	homelia (nct)
Beda, In Lc II, 6, 37-40	Beda	 In Lc II, 6, 37-40	homelia (nct)
Beda, In Lc II, 7	Beda	 In Lc II, 7	homelia (nct)
Beda, In Lc II, 7	Beda	 In Lc II, 7	nan
Beda, In Lc II, II, 4, 23-28; 29-30:	Beda	 In Lc II, II, 4, 23-28; 29-30:	homelia (nct)
Beda, In Lc III, 10	Beda	 In Lc III, 10	homelia (nct)
Beda, In Lc III, 11	Beda	 In Lc III, 11	homelia (nct)
Beda, In Lc III, 8	Beda	 In Lc III, 8	homelia (nct)
Beda, In Lc III, 8	Beda	 In Lc III, 8	nan
Beda, In Lc III, 8, 22	Beda	 In Lc III, 8, 22	homelia (nct)
Beda, In Lc III, 9	Beda	 In Lc III, 9	homelia (nct)
Beda, In Lc IV, 11	Beda	 In Lc IV, 11	homelia (nct)
Beda, In Lc IV, 11	Beda	 In Lc IV, 11	nan
Beda, In Lc IV, 12	Beda	 In Lc IV, 12	homelia (nct)
Beda, In Lc IV, 14	Beda	 In Lc IV, 14	homelia (nct)
Beda, In Lc IV, 15	Beda	 In Lc IV, 15	homelia (nct)
Beda, In Lc IV,12	Beda	 In Lc IV,12	homelia (nct)
Beda, In Lc V, 16	Beda	 In Lc V, 16	homelia (nct)
Beda, In Lc V, 16 +  IV, 12	Beda	 In Lc V, 16 +  IV, 12	homelia (nct)
Beda, In Lc V, 16 + IV,  12	Beda	 In Lc V, 16 + IV,  12	homelia (nct)
Beda, In Lc V, 16 + IV, 12	Beda	 In Lc V, 16 + IV, 12	homelia (nct)
Beda, In Lc V, 17	Beda	 In Lc V, 17	homelia (nct)
Beda, In Lc V, 18	Beda	 In Lc V, 18	homelia (nct)
Beda, In Lc V, 19	Beda	 In Lc V, 19	homelia (nct)
Beda, In Lc VI, 22	Beda	 In Lc VI, 22	homelia (nct)
Beda, In Lc VI, 22	Beda	 In Lc VI, 22	nan
Beda, In Lc VI, 24	Beda	 In Lc VI, 24	homelia (nct)
Beda, In Lc VI, 36-47 = Rabanus Maurus, Hom. in ev. 8	Beda	 In Lc VI, 36-47 = Rabanus Maurus, Hom. in ev. 8	homelia (nct)
Beda, In Lc, II, 6	Beda	 In Lc, II, 6	homelia (nct)
Beda, In Lucam III, 8	Beda	 In Lucam III, 8	homelia (nct)
Beda, In Lucam V, 20	Beda	 In Lucam V, 20	homelia (nct)
Beda, In Mc 3, 203-244	Beda	 In Mc 3, 203-244	homelia (nct)
Beda, In Mc II, 6	Beda	 In Mc II, 6	homelia (nct)
Beda, In Mc II, 7	Beda	 In Mc II, 7	homelia (nct)
Beda, In Mc II, 8	Beda	 In Mc II, 8	homelia (nct)
Beda, In Mc IV, 14-15, 47	Beda	 In Mc IV, 14-15, 47	homelia (nct)
Beda, Super Act 11-12	Beda	 Super Act 11-12	homelia (nct)
Beda, in Mc II, 7	Beda	 in Mc II, 7	homelia (nct)
Bertarius Casinensis, Serm. de s. Scholastica	Bertarius Casinensis	 Serm. de s. Scholastica	nan
Bruno Astensis, Comm. In Mt LXX	Bruno Astensis	 Comm. In Mt LXX	homelia (nct)
Bruno Astensis, Comm. in Io 42 + S. III, In nat. un. Mart.	Bruno Astensis	 Comm. in Io 42 + S. III, In nat. un. Mart.	nan
Bruno Astensis, Comm. in Io 44 +  Hom. CXXIV, In nat. Apost. II	Bruno Astensis	 Comm. in Io 44 +  Hom. CXXIV, In nat. Apost. II	nan
Bruno Astensis, Comm. in Lc XV	Bruno Astensis	 Comm. in Lc XV	homelia (nct)
Bruno Astensis, Hom CXXXI, In nat. Plur. Mart. III	Bruno Astensis	 Hom CXXXI, In nat. Plur. Mart. III	homelia (nct)
Bruno Astensis, Hom. CXXIII, In Nat. Apost. I; cfr. Comm. in Io 43	Bruno Astensis	 Hom. CXXIII, In Nat. Apost. I; cfr. Comm. in Io 43	nan
Bruno Astensis, Hom. CXXIX, In Nat. Plur. Mar. I + Comm. in Mt. 39	Bruno Astensis	 Hom. CXXIX, In Nat. Plur. Mar. I + Comm. in Mt. 39	homelia (nct)
Bruno Astensis, Hom. CXXV, In nat. Apost., III = Comm. in Mt 38	Bruno Astensis	 Hom. CXXV, In nat. Apost., III = Comm. in Mt 38	homelia (nct)
Bruno Astensis, Hom. CXXVI, In nat. Apost. IV; Comm. In Mt 80-81	Bruno Astensis	 Hom. CXXVI, In nat. Apost. IV; Comm. In Mt 80-81	nan
Bruno Astensis, Hom. CXXVII. Item de Apostolis V + Comm. in Mt 36-37	Bruno Astensis	 Hom. CXXVII. Item de Apostolis V + Comm. in Mt 36-37	nan
Bruno Astensis, Hom. CXXVIII, In nat. Apost. VI	Bruno Astensis	 Hom. CXXVIII, In nat. Apost. VI	nan
Bruno Astensis, Hom. CXXX. In nat. Plur. Mar. II = Comm. in Mt 40	Bruno Astensis	 Hom. CXXX. In nat. Plur. Mar. II = Comm. in Mt 40	homelia (nct)
Bruno Astensis, Hom. CXXXII, In nat. un. Mar. I + Comm. in Mat. 69-70	Bruno Astensis	 Hom. CXXXII, In nat. un. Mar. I + Comm. in Mat. 69-70	homelia (nct)
Bruno Astensis, Hom.CXXXIII, In nat. Un. Mart. II; Comm. in Lc 34	Bruno Astensis	 Hom.CXXXIII, In nat. Un. Mart. II; Comm. in Lc 34	homelia (nct)
Caesarius [?], Hom. ss. Iacobi et Iohannis	Caesarius	 Hom. ss. Iacobi et Iohannis	homelia (nct)
Caesarius, S.	Caesarius	 S.	homelia (nct)
Caesarius, S. 101	Caesarius	 S. 101	homelia (nct)
Caesarius, S. 102	Caesarius	 S. 102	homelia (nct)
Caesarius, S. 103, 1-5	Caesarius	 S. 103, 1-5	homelia (nct)
Caesarius, S. 107	Caesarius	 S. 107	homelia (nct)
Caesarius, S. 109	Caesarius	 S. 109	homelia (nct)
Caesarius, S. 114	Caesarius	 S. 114	homelia (nct)
Caesarius, S. 115	Caesarius	 S. 115	homelia (nct)
Caesarius, S. 121	Caesarius	 S. 121	homelia (nct)
Caesarius, S. 124	Caesarius	 S. 124	homelia (nct)
Caesarius, S. 128	Caesarius	 S. 128	homelia (nct)
Caesarius, S. 13	Caesarius	 S. 13	homelia (nct)
Caesarius, S. 131	Caesarius	 S. 131	homelia (nct)
Caesarius, S. 132	Caesarius	 S. 132	homelia (nct)
Caesarius, S. 154	Caesarius	 S. 154	homelia (nct)
Caesarius, S. 16	Caesarius	 S. 16	homelia (nct)
Caesarius, S. 187	Caesarius	 S. 187	homelia (nct)
Caesarius, S. 188	Caesarius	 S. 188	homelia (nct)
Caesarius, S. 190	Caesarius	 S. 190	homelia (nct)
Caesarius, S. 192	Caesarius	 S. 192	homelia (nct)
Caesarius, S. 193	Caesarius	 S. 193	homelia (nct)
Caesarius, S. 197	Caesarius	 S. 197	homelia (nct)
Caesarius, S. 198	Caesarius	 S. 198	homelia (nct)
Caesarius, S. 199	Caesarius	 S. 199	homelia (nct)
Caesarius, S. 199	Caesarius	 S. 199	nan
Caesarius, S. 200	Caesarius	 S. 200	homelia (nct)
Caesarius, S. 202	Caesarius	 S. 202	homelia (nct)
Caesarius, S. 204	Caesarius	 S. 204	homelia (nct)
Caesarius, S. 216	Caesarius	 S. 216	homelia (nct)
Caesarius, S. 217	Caesarius	 S. 217	nan
Caesarius, S. 217	Caesarius	 S. 217	homelia (nct)
Caesarius, S. 219	Caesarius	 S. 219	homelia (nct)
Caesarius, S. 222	Caesarius	 S. 222	homelia (nct)
Caesarius, S. 222, 1-2	Caesarius	 S. 222, 1-2	homelia (nct)
Caesarius, S. 223	Caesarius	 S. 223	homelia (nct)
Caesarius, S. 227	Caesarius	 S. 227	homelia (nct)
Caesarius, S. 34	Caesarius	 S. 34	homelia (nct)
Caesarius, S. 34, 4-6	Caesarius	 S. 34, 4-6	homelia (nct)
Caesarius, S. 4	Caesarius	 S. 4	homelia (nct)
Caesarius, S. 57, 1-4 + S. 56	Caesarius	 S. 57, 1-4 + S. 56	homelia (nct)
Caesarius, S. 58	Caesarius	 S. 58	homelia (nct)
Caesarius, S. 58, 1-4	Caesarius	 S. 58, 1-4	homelia (nct)
Caesarius, S. 77	Caesarius	 S. 77	homelia (nct)
Caesarius, S. 81	Caesarius	 S. 81	homelia (nct)
Caesarius, S. 82	Caesarius	 S. 82	homelia (nct)
Caesarius, S. 83	Caesarius	 S. 83	homelia (nct)
Caesarius, S. 86	Caesarius	 S. 86	homelia (nct)
Caesarius, S. 88	Caesarius	 S. 88	homelia (nct)
Caesarius, S. 90	Caesarius	 S. 90	homelia (nct)
Caesarius, S. 94	Caesarius	 S. 94	homelia (nct)
Caesarius, S. 95	Caesarius	 S. 95	homelia (nct)
Caesarius, S. 97	Caesarius	 S. 97	homelia (nct)
Caesarius, S. 98	Caesarius	 S. 98	homelia (nct)
Caesarius, S. 99	Caesarius	 S. 99	homelia (nct)
Caesarius, Serm. 215, 2	Caesarius	 Serm. 215, 2	homelia (nct)
Caesarius Arelatensis, S. 199	Caesarius Arelatensis	 S. 199	homelia (nct)
Caesarius Arelatensis, S. 215, 2	Caesarius Arelatensis	 S. 215, 2	homelia (nct)
Cfr. Augustinus, Quaest. Ev. II, 19 (= Eugippius, Exc. Aug., 170)	Cfr. Augustinus	 Quaest. Ev. II, 19 (= Eugippius, Exc. Aug., 170)	homelia (nct)
Cfr. Beda, Hom II, 6	Cfr. Beda	 Hom II, 6	homelia (nct)
Cfr. Beda, in Lc IV, 14 (= Smaragdus, In epis. et ev., Lc 14)	Cfr. Beda	 in Lc IV, 14 (= Smaragdus, In epis. et ev., Lc 14)	homelia (nct)
Cfr. Gregorius Turonensis, de miraculis b. Andreae ap., 7, 30-33, 24, 34-36	Cfr. Gregorius Turonensis	 de miraculis b. Andreae ap., 7, 30-33, 24, 34-36	lectio
Cfr. Ps. Eusebius Alexandrinus, S. 17, De Christi passione	Cfr. Ps. Eusebius Alexandrinus	 S. 17, De Christi passione	homelia (nct)
Cfr. Smaragdus, In epis. et ev., Lc 17; cfr. anche Beda, In Lc V, 17	Cfr. Smaragdus	 In epis. et ev., Lc 17; cfr. anche Beda, In Lc V, 17	homelia (nct)
Chromatius Aquileiensis, S. 26	Chromatius Aquileiensis	 S. 26	homelia (nct)
Chromatius Aquileiensis, Tr. 50	Chromatius Aquileiensis	 Tr. 50	homelia (nct)
Chromatius Aquileiensis, Tr. 50	Chromatius Aquileiensis	 Tr. 50	nan
Commentario carolingio a Is 60, 1-6	Commentario carolingio a Is 60	 1-6	nan
Commentario carolingio a Is 60, 1-6, 16-17	Commentario carolingio a Is 60	 1-6, 16-17	nan
Ct 1-5,1 (in forma di dialogo)	Ct 1-5	1 (in forma di dialogo)	lectio
Ct 5, 2-8 (in forma di dialogo)	Ct 5	 2-8 (in forma di dialogo)	lectio
Cyprianus, Ep. 10	Cyprianus	 Ep. 10	homelia (nct)
Cyrillus, Ep. 4 (extr.); Leo Magnus, Ep. 165  (extr.)	Cyrillus	 Ep. 4 (extr.); Leo Magnus, Ep. 165  (extr.)	nan
Damasus Papa, Carm. 7	Damasus Papa	 Carm. 7	homelia (nct)
David Beneventanus	David Beneventanus		homelia (nct)
De appar. s. Michaelis	De appar. s. Michaelis		lectio
De appar. s. Michaelis	De appar. s. Michaelis		nan
De translatione s. Stephani	De translatione s. Stephani		lectio
Dn  8, 15-18; 10, 10-21; 12	Dn  8	 15-18; 10, 10-21; 12	lectio
Eb 10, 1-20	Eb 10	 1-20	nan
Eb 4, 11-6, 8	Eb 4	 11-6, 8	lectio
Eb 9, 11-10, 23	Eb 9	 11-10, 23	lectio
Eb 9, 11-10, 24	Eb 9	 11-10, 24	lectio
Eb 9, 11-15	Eb 9	 11-15	nan
Eb 9, 16-28	Eb 9	 16-28	nan
Epiphanius, S. 19	Epiphanius	 S. 19	homelia (nct)
Epiphanius, S. 21	Epiphanius	 S. 21	homelia (nct)
Epiphanius, S. 23	Epiphanius	 S. 23	homelia (nct)
Epiphanius, S. 32	Epiphanius	 S. 32	homelia (nct)
Epiphanius, S. 33	Epiphanius	 S. 33	homelia (nct)
Epiphanius, S. 33	Epiphanius	 S. 33	nan
Epiphanius, S. 34	Epiphanius	 S. 34	homelia (nct)
Epiphanius, S. 42	Epiphanius	 S. 42	homelia (nct)
Epiphanius, S. 43	Epiphanius	 S. 43	nan
Epiphanius, S. 48	Epiphanius	 S. 48	nan
Epiphanius, S. 49	Epiphanius	 S. 49	homelia (nct)
Epiphanius, S. 51	Epiphanius	 S. 51	homelia (nct)
Epiphanius, S. 53	Epiphanius	 S. 53	homelia (nct)
Epiphanius, S. 55	Epiphanius	 S. 55	homelia (nct)
Epiphanius, S. 56	Epiphanius	 S. 56	nan
Epiphanius, S. 60	Epiphanius	 S. 60	homelia (nct)
Epiphanius, S. 62	Epiphanius	 S. 62	homelia (nct)
Eusebius, Hom. 22	Eusebius	 Hom. 22	homelia (nct)
Eusebius, Hom. 24	Eusebius	 Hom. 24	homelia (nct)
Eusebius, Hom. 45, 7	Eusebius	 Hom. 45, 7	homelia (nct)
Eusebius, Hom. 47	Eusebius	 Hom. 47	homelia (nct)
Eusebius, Hom. 64	Eusebius	 Hom. 64	homelia (nct)
Eusebius Gallicanus, Hom. 13	Eusebius Gallicanus	 Hom. 13	homelia (nct)
Eusebius Gallicanus, Hom. 49	Eusebius Gallicanus	 Hom. 49	homelia (nct)
Eusebius/Rufinus, Hist. eccl. III, 23, 6-19	Eusebius/Rufinus	 Hist. eccl. III, 23, 6-19	lectio
Eusebius/Rufinus, Hist. eccl. III, 23, 6-19	Eusebius/Rufinus	 Hist. eccl. III, 23, 6-19	homelia (nct)
Fulgentius, S. 1	Fulgentius	 S. 1	homelia (nct)
Fulgentius, S. 2	Fulgentius	 S. 2	homelia (nct)
Fulgentius, S. 2	Fulgentius	 S. 2	nan
Fulgentius, S. 3	Fulgentius	 S. 3	homelia (nct)
Fulgentius, S. 4	Fulgentius	 S. 4	sermo
Fulgentius, S. 4	Fulgentius	 S. 4	homelia (nct)
Fulgentius, S. 4, 7-11	Fulgentius	 S. 4, 7-11	homelia (nct)
Fulgentius, S. 6	Fulgentius	 S. 6	homelia (nct)
Fulgentius, S. 6, 2-7	Fulgentius	 S. 6, 2-7	homelia (nct)
Fulgentius, S. dubius 2	Fulgentius	 S. dubius 2	homelia (nct)
Gregorius Antiochenus, S. de baptismo Domini Gregorius Antiochenus, S. de baptismo Domini (Hom. I in s. theophania)	Gregorius Antiochenus	 S. de baptismo Domini Gregorius Antiochenus, S. de baptismo Domini (Hom. I in s. theophania)	homelia (nct)
Gregorius Magnus, Dial II, prol.-1	Gregorius Magnus	 Dial II, prol.-1	nan
Gregorius Magnus, Dial. IV, 60-62	Gregorius Magnus	 Dial. IV, 60-62	homelia (nct)
Gregorius Magnus, Dial. IV, 62	Gregorius Magnus	 Dial. IV, 62	homelia (nct)
Gregorius Magnus, Dialogi II, 24-38	Gregorius Magnus	 Dialogi II, 24-38	nan
Gregorius Magnus, Hom. in ev. I, 17	Gregorius Magnus	 Hom. in ev. I, 17	homelia (nct)
Gregorius Magnus, In Hiez. I, 8, 6-10 + 7, 24	Gregorius Magnus	 In Hiez. I, 8, 6-10 + 7, 24	homelia (nct)
Gregorius Magnus, In ev. I, 1	Gregorius Magnus	 In ev. I, 1	homelia (nct)
Gregorius Magnus, In ev. I, 10	Gregorius Magnus	 In ev. I, 10	homelia (nct)
Gregorius Magnus, In ev. I, 10, 1-2	Gregorius Magnus	 In ev. I, 10, 1-2	homelia (nct)
Gregorius Magnus, In ev. I, 11	Gregorius Magnus	 In ev. I, 11	homelia (nct)
Gregorius Magnus, In ev. I, 11, 1-4	Gregorius Magnus	 In ev. I, 11, 1-4	homelia (nct)
Gregorius Magnus, In ev. I, 12	Gregorius Magnus	 In ev. I, 12	homelia (nct)
Gregorius Magnus, In ev. I, 13	Gregorius Magnus	 In ev. I, 13	homelia (nct)
Gregorius Magnus, In ev. I, 13. 1-3	Gregorius Magnus	 In ev. I, 13. 1-3	homelia (nct)
Gregorius Magnus, In ev. I, 14	Gregorius Magnus	 In ev. I, 14	homelia (nct)
Gregorius Magnus, In ev. I, 15	Gregorius Magnus	 In ev. I, 15	homelia (nct)
Gregorius Magnus, In ev. I, 15	Gregorius Magnus	 In ev. I, 15	nan
Gregorius Magnus, In ev. I, 16	Gregorius Magnus	 In ev. I, 16	homelia (nct)
Gregorius Magnus, In ev. I, 16	Gregorius Magnus	 In ev. I, 16	nan
Gregorius Magnus, In ev. I, 17	Gregorius Magnus	 In ev. I, 17	homelia (nct)
Gregorius Magnus, In ev. I, 17, 1-7	Gregorius Magnus	 In ev. I, 17, 1-7	homelia (nct)
Gregorius Magnus, In ev. I, 18	Gregorius Magnus	 In ev. I, 18	homelia (nct)
Gregorius Magnus, In ev. I, 18	Gregorius Magnus	 In ev. I, 18	nan
Gregorius Magnus, In ev. I, 18, 1-5	Gregorius Magnus	 In ev. I, 18, 1-5	homelia (nct)
Gregorius Magnus, In ev. I, 19	Gregorius Magnus	 In ev. I, 19	homelia (nct)
Gregorius Magnus, In ev. I, 2	Gregorius Magnus	 In ev. I, 2	homelia (nct)
Gregorius Magnus, In ev. I, 20	Gregorius Magnus	 In ev. I, 20	homelia (nct)
Gregorius Magnus, In ev. I, 20, 1-12	Gregorius Magnus	 In ev. I, 20, 1-12	homelia (nct)
Gregorius Magnus, In ev. I, 20, 2, 3, 6, 8 excerpta	Gregorius Magnus	 In ev. I, 20, 2, 3, 6, 8 excerpta	homelia (nct)
Gregorius Magnus, In ev. I, 20, 3, 6, 8 excerpta	Gregorius Magnus	 In ev. I, 20, 3, 6, 8 excerpta	homelia (nct)
Gregorius Magnus, In ev. I, 3	Gregorius Magnus	 In ev. I, 3	homelia (nct)
Gregorius Magnus, In ev. I, 4	Gregorius Magnus	 In ev. I, 4	homelia (nct)
Gregorius Magnus, In ev. I, 5	Gregorius Magnus	 In ev. I, 5	homelia (nct)
Gregorius Magnus, In ev. I, 6	Gregorius Magnus	 In ev. I, 6	homelia (nct)
Gregorius Magnus, In ev. I, 7	Gregorius Magnus	 In ev. I, 7	homelia (nct)
Gregorius Magnus, In ev. I, 7	Gregorius Magnus	 In ev. I, 7	nan
Gregorius Magnus, In ev. I, 8	Gregorius Magnus	 In ev. I, 8	homelia (nct)
Gregorius Magnus, In ev. I, 8	Gregorius Magnus	 In ev. I, 8	nan
Gregorius Magnus, In ev. I, 9	Gregorius Magnus	 In ev. I, 9	homelia (nct)
Gregorius Magnus, In ev. I, 9, 1-2	Gregorius Magnus	 In ev. I, 9, 1-2	homelia (nct)
Gregorius Magnus, In ev. II, 21	Gregorius Magnus	 In ev. II, 21	homelia (nct)
Gregorius Magnus, In ev. II, 21, 2-7	Gregorius Magnus	 In ev. II, 21, 2-7	homelia (nct)
Gregorius Magnus, In ev. II, 22	Gregorius Magnus	 In ev. II, 22	homelia (nct)
Gregorius Magnus, In ev. II, 23	Gregorius Magnus	 In ev. II, 23	homelia (nct)
Gregorius Magnus, In ev. II, 24	Gregorius Magnus	 In ev. II, 24	homelia (nct)
Gregorius Magnus, In ev. II, 25	Gregorius Magnus	 In ev. II, 25	homelia (nct)
Gregorius Magnus, In ev. II, 26	Gregorius Magnus	 In ev. II, 26	homelia (nct)
Gregorius Magnus, In ev. II, 26, 1-3	Gregorius Magnus	 In ev. II, 26, 1-3	homelia (nct)
Gregorius Magnus, In ev. II, 27	Gregorius Magnus	 In ev. II, 27	homelia (nct)
Gregorius Magnus, In ev. II, 28	Gregorius Magnus	 In ev. II, 28	homelia (nct)
Gregorius Magnus, In ev. II, 29	Gregorius Magnus	 In ev. II, 29	homelia (nct)
Gregorius Magnus, In ev. II, 30	Gregorius Magnus	 In ev. II, 30	homelia (nct)
Gregorius Magnus, In ev. II, 31	Gregorius Magnus	 In ev. II, 31	homelia (nct)
Gregorius Magnus, In ev. II, 32	Gregorius Magnus	 In ev. II, 32	homelia (nct)
Gregorius Magnus, In ev. II, 33	Gregorius Magnus	 In ev. II, 33	homelia (nct)
Gregorius Magnus, In ev. II, 33	Gregorius Magnus	 In ev. II, 33	nan
Gregorius Magnus, In ev. II, 33, 1-5	Gregorius Magnus	 In ev. II, 33, 1-5	homelia (nct)
Gregorius Magnus, In ev. II, 34	Gregorius Magnus	 In ev. II, 34	homelia (nct)
Gregorius Magnus, In ev. II, 34, 1-6	Gregorius Magnus	 In ev. II, 34, 1-6	homelia (nct)
Gregorius Magnus, In ev. II, 34, 18	Gregorius Magnus	 In ev. II, 34, 18	homelia (nct)
Gregorius Magnus, In ev. II, 34, 6-17	Gregorius Magnus	 In ev. II, 34, 6-17	homelia (nct)
Gregorius Magnus, In ev. II, 34, 6-18	Gregorius Magnus	 In ev. II, 34, 6-18	homelia (nct)
Gregorius Magnus, In ev. II, 35	Gregorius Magnus	 In ev. II, 35	homelia (nct)
Gregorius Magnus, In ev. II, 36	Gregorius Magnus	 In ev. II, 36	homelia (nct)
Gregorius Magnus, In ev. II, 36, 1-10	Gregorius Magnus	 In ev. II, 36, 1-10	homelia (nct)
Gregorius Magnus, In ev. II, 37	Gregorius Magnus	 In ev. II, 37	homelia (nct)
Gregorius Magnus, In ev. II, 38	Gregorius Magnus	 In ev. II, 38	homelia (nct)
Gregorius Magnus, In ev. II, 39	Gregorius Magnus	 In ev. II, 39	homelia (nct)
Gregorius Magnus, In ev. II, 40	Gregorius Magnus	 In ev. II, 40	homelia (nct)
Gregorius Magnus, In ev. II, 40	Gregorius Magnus	 In ev. II, 40	nan
Gregorius Magnus, In ev. II, 40, 11-12	Gregorius Magnus	 In ev. II, 40, 11-12	homelia (nct)
Gregorius Magnus, In ev.II, 32	Gregorius Magnus	 In ev.II, 32	nan
Gregorius Magnus, Mor.  XXVIII, 3-5	Gregorius Magnus	 Mor.  XXVIII, 3-5	homelia (nct)
Gregorius Magnus, Mor. 15, 29	Gregorius Magnus	 Mor. 15, 29	homelia (nct)
Gregorius Magnus, Mor. X, 6, 7-10	Gregorius Magnus	 Mor. X, 6, 7-10	homelia (nct)
Gregorius Magnus, Mor. X, 8-10	Gregorius Magnus	 Mor. X, 8-10	homelia (nct)
Gregorius Magnus, Mor. XV, 29	Gregorius Magnus	 Mor. XV, 29	homelia (nct)
Gregorius Magnus, Mor. XXI, 5	Gregorius Magnus	 Mor. XXI, 5	homelia (nct)
Gregorius Magnus, Mor., XXVIII, 6-9	Gregorius Magnus	 Mor., XXVIII, 6-9	homelia (nct)
Gregorius Nazianzenus, Oratio de Pentecoste et de Spiritu sancto, 1-18	Gregorius Nazianzenus	 Oratio de Pentecoste et de Spiritu sancto, 1-18	homelia (nct)
Gregorius Nazianzenus/Rufinus, Apolog. I, 51-54	Gregorius Nazianzenus/Rufinus	 Apolog. I, 51-54	homelia (nct)
Gregorius Nazianzenus/Rufinus, Apolog. I, 51-56	Gregorius Nazianzenus/Rufinus	 Apolog. I, 51-56	homelia (nct)
Gregorius Turonensis, Hist. Franc., II, 1	Gregorius Turonensis	 Hist. Franc., II, 1	lectio
Haymo, Hom. 121, excerpta	Haymo	 Hom. 121, excerpta	nan
Haymo, hom. 122	Haymo	 hom. 122	homelia (nct)
Hieronymus, Ad Eph II, 3	Hieronymus	 Ad Eph II, 3	homelia (nct)
Hieronymus, Ad Eph II, 4	Hieronymus	 Ad Eph II, 4	homelia (nct)
Hieronymus, Ad Eph III, 5	Hieronymus	 Ad Eph III, 5	homelia (nct)
Hieronymus, Ad Gal II, 3	Hieronymus	 Ad Gal II, 3	homelia (nct)
Hieronymus, Ad Gal II, 3, 29-4, 7	Hieronymus	 Ad Gal II, 3, 29-4, 7	homelia (nct)
Hieronymus, Ad Gal III, 5	Hieronymus	 Ad Gal III, 5	homelia (nct)
Hieronymus, De nat. Dom.	Hieronymus	 De nat. Dom.	homelia (nct)
Hieronymus, Ep. 120, 4	Hieronymus	 Ep. 120, 4	homelia (nct)
Hieronymus, Ep. 121, 6	Hieronymus	 Ep. 121, 6	homelia (nct)
Hieronymus, Ep. 121, 6	Hieronymus	 Ep. 121, 6	nan
Hieronymus, Ep. 21, 4-13	Hieronymus	 Ep. 21, 4-13	homelia (nct)
Hieronymus, Ep. 21, 4-40	Hieronymus	 Ep. 21, 4-40	nan
Hieronymus, Ep. 21, 4-42	Hieronymus	 Ep. 21, 4-42	homelia (nct)
Hieronymus, Ep. 21, 4-42	Hieronymus	 Ep. 21, 4-42	nan
Hieronymus, Hom. in Lc  de Lazaro et divite	Hieronymus	 Hom. in Lc  de Lazaro et divite	nan
Hieronymus, Hom. in Lc de Lazaro et divite	Hieronymus	 Hom. in Lc de Lazaro et divite	nan
Hieronymus, In Eph. III	Hieronymus	 In Eph. III	homelia (nct)
Hieronymus, In Esaiam XVIII, 66, 24	Hieronymus	 In Esaiam XVIII, 66, 24	homelia (nct)
Hieronymus, In Is XVI, 58	Hieronymus	 In Is XVI, 58	homelia (nct)
Hieronymus, In Is XVI, 58, 9-14	Hieronymus	 In Is XVI, 58, 9-14	homelia (nct)
Hieronymus, In Is XVIII, 66, 24	Hieronymus	 In Is XVIII, 66, 24	homelia (nct)
Hieronymus, In Mt  I, 7	Hieronymus	 In Mt  I, 7	homelia (nct)
Hieronymus, In Mt  II, 15	Hieronymus	 In Mt  II, 15	homelia (nct)
Hieronymus, In Mt  III, 18	Hieronymus	 In Mt  III, 18	homelia (nct)
Hieronymus, In Mt  III, 21,17	Hieronymus	 In Mt  III, 21,17	nan
Hieronymus, In Mt I, 10	Hieronymus	 In Mt I, 10	homelia (nct)
Hieronymus, In Mt I, 5	Hieronymus	 In Mt I, 5	homelia (nct)
Hieronymus, In Mt I, 7	Hieronymus	 In Mt I, 7	homelia (nct)
Hieronymus, In Mt I, 8	Hieronymus	 In Mt I, 8	homelia (nct)
Hieronymus, In Mt I, 9	Hieronymus	 In Mt I, 9	homelia (nct)
Hieronymus, In Mt II, 12	Hieronymus	 In Mt II, 12	homelia (nct)
Hieronymus, In Mt II, 13	Hieronymus	 In Mt II, 13	sermo
Hieronymus, In Mt II, 13	Hieronymus	 In Mt II, 13	homelia (nct)
Hieronymus, In Mt II, 14	Hieronymus	 In Mt II, 14	homelia (nct)
Hieronymus, In Mt II, 15	Hieronymus	 In Mt II, 15	homelia (nct)
Hieronymus, In Mt II, 15	Hieronymus	 In Mt II, 15	nan
Hieronymus, In Mt III, 16	Hieronymus	 In Mt III, 16	homelia (nct)
Hieronymus, In Mt III, 17	Hieronymus	 In Mt III, 17	homelia (nct)
Hieronymus, In Mt III, 18	Hieronymus	 In Mt III, 18	homelia (nct)
Hieronymus, In Mt III, 18	Hieronymus	 In Mt III, 18	nan
Hieronymus, In Mt III, 19	Hieronymus	 In Mt III, 19	homelia (nct)
Hieronymus, In Mt III, 19, 27-30	Hieronymus	 In Mt III, 19, 27-30	homelia (nct)
Hieronymus, In Mt III, 19-20	Hieronymus	 In Mt III, 19-20	homelia (nct)
Hieronymus, In Mt III, 20	Hieronymus	 In Mt III, 20	homelia (nct)
Hieronymus, In Mt III, 21	Hieronymus	 In Mt III, 21	homelia (nct)
Hieronymus, In Mt III, 21	Hieronymus	 In Mt III, 21	nan
Hieronymus, In Mt III, 22	Hieronymus	 In Mt III, 22	homelia (nct)
Hieronymus, In Mt IV, 23	Hieronymus	 In Mt IV, 23	homelia (nct)
Hieronymus, In Mt IV, 24	Hieronymus	 In Mt IV, 24	homelia (nct)
Hieronymus, In Mt IV, 25	Hieronymus	 In Mt IV, 25	homelia (nct)
Hieronymus, In Mt IV, 26	Hieronymus	 In Mt IV, 26	homelia (nct)
Hieronymus, In Mt IV, 26-27	Hieronymus	 In Mt IV, 26-27	homelia (nct)
Hieronymus, In Mt IV, 26-27	Hieronymus	 In Mt IV, 26-27	nan
Hieronymus, In Mt IV, 27	Hieronymus	 In Mt IV, 27	nan
Hieronymus, In Mt IV, 28	Hieronymus	 In Mt IV, 28	homelia (nct)
Hieronymus, In Mt IV, 28, 1-6	Hieronymus	 In Mt IV, 28, 1-6	homelia (nct)
Hieronymus, In Mt IV, 28, 14	Hieronymus	 In Mt IV, 28, 14	homelia (nct)
Hieronymus, S. in die dominico Paschae	Hieronymus	 S. in die dominico Paschae	homelia (nct)
Hieronymus, in Mt III, 22	Hieronymus	 in Mt III, 22	homelia (nct)
Hilarius, In Mt  20, 3-4	Hilarius	 In Mt  20, 3-4	homelia (nct)
Hilarius, In Mt 12, 20-24	Hilarius	 In Mt 12, 20-24	homelia (nct)
Hilarius, In Mt 19, 4-20, 1	Hilarius	 In Mt 19, 4-20, 1	homelia (nct)
Hilarius, In Mt 19, 4-9	Hilarius	 In Mt 19, 4-9	homelia (nct)
Hilarius, In Mt 20, 5-7	Hilarius	 In Mt 20, 5-7	homelia (nct)
Hilarius, In Mt 20, 8-12	Hilarius	 In Mt 20, 8-12	nan
Hilarius, In Mt 23, 3-6	Hilarius	 In Mt 23, 3-6	homelia (nct)
Hilarius, In Mt 24, 1-2	Hilarius	 In Mt 24, 1-2	nan
Hilarius, In Mt 25	Hilarius	 In Mt 25	homelia (nct)
Hilarius, In Mt 4, 11-13; 16-19	Hilarius	 In Mt 4, 11-13; 16-19	homelia (nct)
Hilarius, In Mt 7, 6-11	Hilarius	 In Mt 7, 6-11	homelia (nct)
Hilarius, In Mt 8, 1-2	Hilarius	 In Mt 8, 1-2	homelia (nct)
Hilarius, In Mt 8, 4-8	Hilarius	 In Mt 8, 4-8	homelia (nct)
Hilarius, In Mt 8, 4-8	Hilarius	 In Mt 8, 4-8	nan
Hilarius, In Mt 8-12	Hilarius	 In Mt 8-12	homelia (nct)
Hilarius, In Mt 9, 5-10, 10	Hilarius	 In Mt 9, 5-10, 10	homelia (nct)
Hilarius, In Mt III, 1-5	Hilarius	 In Mt III, 1-5	nan
Hilarius, In Mt IV, 28-V, 4	Hilarius	 In Mt IV, 28-V, 4	homelia (nct)
Hilarius, In Mt VII, 3-5	Hilarius	 In Mt VII, 3-5	homelia (nct)
Hilarius, In Mt. 23, 3-6	Hilarius	 In Mt. 23, 3-6	homelia (nct)
Hincmarus, Carm. II	Hincmarus	 Carm. II	nan
Hincmarus, Carm. II	Hincmarus	 Carm. II	versus
Hincmarus, Carm. II, 1-50	Hincmarus	 Carm. II, 1-50	homelia (nct)
Hincmarus, Carm. II, 1-72	Hincmarus	 Carm. II, 1-72	nan
Hincmarus, Carm. II, 51-100	Hincmarus	 Carm. II, 51-100	homelia (nct)
Hincmarus, Carm. II, subnex.	Hincmarus	 Carm. II, subnex.	nan
I Cor 11, 20-12, 13	I Cor 11	 20-12, 13	lectio
I Cr 21, 18-23, 5; 28, 1-29, 25	I Cr 21	 18-23, 5; 28, 1-29, 25	lectio
Inventio s. Michaelis	Inventio s. Michaelis		lectio
Iohannes Chrysostomus, De Chananea	Iohannes Chrysostomus	 De Chananea	nan
Iohannes Chrysostomus, De proditione Iudae, Hom. 1	Iohannes Chrysostomus	 De proditione Iudae, Hom. 1	homelia (nct)
Iohannes Chrysostomus, Hom. ad neoph.	Iohannes Chrysostomus	 Hom. ad neoph.	homelia (nct)
Iohannes Chrysostomus, Hom. de laud. s. Pauli,  3	Iohannes Chrysostomus	 Hom. de laud. s. Pauli,  3	homelia (nct)
Iohannes Chrysostomus, Hom. de laud. s. Pauli, 3	Iohannes Chrysostomus	 Hom. de laud. s. Pauli, 3	homelia (nct)
Iohannes Chrysostomus, In ascens. Dom. (Ps. Augustinus, S. Caillau II, app. 56; Ps. Leo)	Iohannes Chrysostomus	 In ascens. Dom. (Ps. Augustinus, S. Caillau II, app. 56; Ps. Leo)	homelia (nct)
Iohannes Chrysostomus, In ascens. Dom.; Ps. Augustinus, S. Caillau II, app. 56; Ps. Leo	Iohannes Chrysostomus	 In ascens. Dom.; Ps. Augustinus, S. Caillau II, app. 56; Ps. Leo	homelia (nct)
Iohannes Chrysostomus, S. de paenitentia	Iohannes Chrysostomus	 S. de paenitentia	homelia (nct)
Is 1, 17-18	Is 1	 17-18	lectio
Is 2, 1-17; 7, 10-17; 11, 1-10	Is 2	 1-17; 7, 10-17; 11, 1-10	nan
Is 40	Is 40		nan
Is 40, 1-17	Is 40	 1-17	lectio
Is 40, 1-17	Is 40	 1-17	nan
Is 42-43, 3	Is 42-43	 3	nan
Is 51, 9-12	Is 51	 9-12	lectio
Is 51,9 - 52,10	Is 51	9 - 52,10	lectio
Is 51,9 - 52,10	Is 51	9 - 52,10	nan
Is 51,9 - 52,6	Is 51	9 - 52,6	nan
Is 55-56, 2	Is 55-56	 2	lectio
Is 55-56,2	Is 55-56	2	lectio
Is 55; 60; 61,10-65, 1; 65, 11-66, 2	Is 55; 60; 61	10-65, 1; 65, 11-66, 2	lectio
Is 60, 1-16	Is 60	 1-16	lectio
Is 61,10-62	Is 61	10-62	lectio
Is 9, 1-17	Is 9	 1-17	nan
Is 9, 1-8	Is 9	 1-8	lectio
Is 9; 10, 1-4; 40; 41, 1-20; 42, 1-9, 17-25; 43, 1-13; 51, 9-23; 52	Is 9; 10	 1-4; 40; 41, 1-20; 42, 1-9, 17-25; 43, 1-13; 51, 9-23; 52	lectio
Isidorus, De eccl. off., I, 26	Isidorus	 De eccl. off., I, 26	homelia (nct)
Isidorus, De eccl. off., I, 37-40	Isidorus	 De eccl. off., I, 37-40	nan
Isidorus, De ortu et obitu Patrum, 72	Isidorus	 De ortu et obitu Patrum, 72	nan
Isidorus, Sent., I, 10	Isidorus	 Sent., I, 10	homelia (nct)
Lam, 1	Lam	 1	lectio
Lam 1	Lam 1		nan
Lam 1, 1-2, 7	Lam 1	 1-2, 7	lectio
Lam 1-2,7	Lam 1-2	7	lectio
Lam 1-2,7	Lam 1-2	7	nan
Lam 2, 8-3, 21	Lam 2	 8-3, 21	lectio
Lam 2, 8-3, 21	Lam 2	 8-3, 21	nan
Lam 2 (assenti i   15-19; il  22  vergato sulla colonna B di p. 441 dopo Lam 3); Lam 3 (assenti i   7-15, 35-44, 46); Lam 4-5	Lam 2 ...	 35-44, 46); Lam 4-5	lectio
Lam 2-3, 45	Lam 2-3	 45	nan
Lam 3, 22-5	Lam 3	 22-5	lectio
Lam 3, 22-5	Lam 3	 22-5	nan
Lam 3, 46-4	Lam 3	 46-4	nan
Lam 5	Lam 5		nan
Leo Magnus, Ep. 28, 2-4	Leo Magnus	 Ep. 28, 2-4	nan
Leo Magnus, Ep. 59, 3 e 4; 35, 2 e 3; 139, 2 e 3 (extr.)	Leo Magnus	 Ep. 59, 3 e 4; 35, 2 e 3; 139, 2 e 3 (extr.)	nan
Leo Magnus, Tract. 1	Leo Magnus	 Tract. 1	homelia (nct)
Leo Magnus, Tract. 12	Leo Magnus	 Tract. 12	homelia (nct)
Leo Magnus, Tract. 18	Leo Magnus	 Tract. 18	homelia (nct)
Leo Magnus, Tract. 19	Leo Magnus	 Tract. 19	homelia (nct)
Leo Magnus, Tract. 2	Leo Magnus	 Tract. 2	homelia (nct)
Leo Magnus, Tract. 3	Leo Magnus	 Tract. 3	homelia (nct)
Leo Magnus, Tract. 31	Leo Magnus	 Tract. 31	homelia (nct)
Leo Magnus, Tract. 32	Leo Magnus	 Tract. 32	homelia (nct)
Leo Magnus, Tract. 37	Leo Magnus	 Tract. 37	homelia (nct)
Leo Magnus, Tract. 38	Leo Magnus	 Tract. 38	homelia (nct)
Leo Magnus, Tract. 39	Leo Magnus	 Tract. 39	nan
Leo Magnus, Tract. 4	Leo Magnus	 Tract. 4	homelia (nct)
Leo Magnus, Tract. 40	Leo Magnus	 Tract. 40	homelia (nct)
Leo Magnus, Tract. 40	Leo Magnus	 Tract. 40	nan
Leo Magnus, Tract. 41	Leo Magnus	 Tract. 41	homelia (nct)
Leo Magnus, Tract. 41	Leo Magnus	 Tract. 41	nan
Leo Magnus, Tract. 42	Leo Magnus	 Tract. 42	homelia (nct)
Leo Magnus, Tract. 42	Leo Magnus	 Tract. 42	nan
Leo Magnus, Tract. 43	Leo Magnus	 Tract. 43	homelia (nct)
Leo Magnus, Tract. 43	Leo Magnus	 Tract. 43	nan
Leo Magnus, Tract. 44	Leo Magnus	 Tract. 44	homelia (nct)
Leo Magnus, Tract. 44	Leo Magnus	 Tract. 44	nan
Leo Magnus, Tract. 45	Leo Magnus	 Tract. 45	nan
Leo Magnus, Tract. 46	Leo Magnus	 Tract. 46	homelia (nct)
Leo Magnus, Tract. 46	Leo Magnus	 Tract. 46	nan
Leo Magnus, Tract. 47	Leo Magnus	 Tract. 47	nan
Leo Magnus, Tract. 48	Leo Magnus	 Tract. 48	homelia (nct)
Leo Magnus, Tract. 48	Leo Magnus	 Tract. 48	nan
Leo Magnus, Tract. 49	Leo Magnus	 Tract. 49	nan
Leo Magnus, Tract. 50	Leo Magnus	 Tract. 50	homelia (nct)
Leo Magnus, Tract. 50	Leo Magnus	 Tract. 50	nan
Leo Magnus, Tract. 51	Leo Magnus	 Tract. 51	homelia (nct)
Leo Magnus, Tract. 51	Leo Magnus	 Tract. 51	nan
Leo Magnus, Tract. 51, 1-4	Leo Magnus	 Tract. 51, 1-4	homelia (nct)
Leo Magnus, Tract. 59	Leo Magnus	 Tract. 59	homelia (nct)
Leo Magnus, Tract. 60	Leo Magnus	 Tract. 60	homelia (nct)
Leo Magnus, Tract. 61	Leo Magnus	 Tract. 61	homelia (nct)
Leo Magnus, Tract. 63	Leo Magnus	 Tract. 63	homelia (nct)
Leo Magnus, Tract. 65	Leo Magnus	 Tract. 65	homelia (nct)
Leo Magnus, Tract. 67	Leo Magnus	 Tract. 67	homelia (nct)
Leo Magnus, Tract. 68	Leo Magnus	 Tract. 68	homelia (nct)
Leo Magnus, Tract. 72	Leo Magnus	 Tract. 72	homelia (nct)
Leo Magnus, Tract. 73	Leo Magnus	 Tract. 73	homelia (nct)
Leo Magnus, Tract. 74	Leo Magnus	 Tract. 74	homelia (nct)
Leo Magnus, Tract. 75	Leo Magnus	 Tract. 75	homelia (nct)
Leo Magnus, Tract. 76	Leo Magnus	 Tract. 76	homelia (nct)
Leo Magnus, Tract. 77	Leo Magnus	 Tract. 77	homelia (nct)
Leo Magnus, Tract. 78	Leo Magnus	 Tract. 78	homelia (nct)
Leo Magnus, Tract. 79	Leo Magnus	 Tract. 79	homelia (nct)
Leo Magnus, Tract. 80	Leo Magnus	 Tract. 80	homelia (nct)
Leo Magnus, Tract. 81	Leo Magnus	 Tract. 81	homelia (nct)
Leo Magnus, Tract. 82	Leo Magnus	 Tract. 82	homelia (nct)
Leo Magnus, Tract. 83	Leo Magnus	 Tract. 83	homelia (nct)
Leo Magnus, Tract. 85	Leo Magnus	 Tract. 85	homelia (nct)
Leo Magnus, Tract. 86	Leo Magnus	 Tract. 86	homelia (nct)
Leo Magnus, Tract. 87	Leo Magnus	 Tract. 87	homelia (nct)
Leo Magnus, Tract. 92	Leo Magnus	 Tract. 92	homelia (nct)
Leo Magnus, Tract. 93	Leo Magnus	 Tract. 93	homelia (nct)
Leo Magnus, Tract. 93 + 90, 4	Leo Magnus	 Tract. 93 + 90, 4	homelia (nct)
Leo Magnus, Tract. 94	Leo Magnus	 Tract. 94	homelia (nct)
Leo Magnus, Tract. 94, 1-4 + 92, 4	Leo Magnus	 Tract. 94, 1-4 + 92, 4	homelia (nct)
Leo Magnus, Tract. 95	Leo Magnus	 Tract. 95	homelia (nct)
Marcus Casinensis, Carmen de sancto Benedicto	Marcus Casinensis	 Carmen de sancto Benedicto	nan
Maximus, S. 1	Maximus	 S. 1	homelia (nct)
Maximus, S. 110 extr.	Maximus	 S. 110 extr.	homelia (nct)
Maximus, S. 110 extr.	Maximus	 S. 110 extr.	nan
Maximus, S. 12	Maximus	 S. 12	homelia (nct)
Maximus, S. 24	Maximus	 S. 24	homelia (nct)
Maximus, S. 26	Maximus	 S. 26	homelia (nct)
Maximus, S. 3, 3	Maximus	 S. 3, 3	homelia (nct)
Maximus, S. 4	Maximus	 S. 4	homelia (nct)
Maximus, S. 48	Maximus	 S. 48	homelia (nct)
Maximus, S. 5	Maximus	 S. 5	homelia (nct)
Maximus, S. 53	Maximus	 S. 53	homelia (nct)
Maximus, S. 54	Maximus	 S. 54	homelia (nct)
Maximus, S. 56	Maximus	 S. 56	homelia (nct)
Maximus, S. 57	Maximus	 S. 57	homelia (nct)
Maximus, S. 6	Maximus	 S. 6	homelia (nct)
Maximus, S. 61	Maximus	 S. 61	sermo
Maximus, S. 61	Maximus	 S. 61	homelia (nct)
Maximus, S. 61a extr., 3	Maximus	 S. 61a extr., 3	nan
Maximus, S. 76	Maximus	 S. 76	homelia (nct)
Maximus, S. 81	Maximus	 S. 81	homelia (nct)
Maximus, S. 88	Maximus	 S. 88	homelia (nct)
Maximus, S. 9	Maximus	 S. 9	homelia (nct)
Maximus, S. 9	Maximus	 S. 9	nan
Maximus, S. 99 extr.	Maximus	 S. 99 extr.	homelia (nct)
Melito Sardensis, Hom. de Pascha (versione latina abbreviata)	Melito Sardensis	 Hom. de Pascha (versione latina abbreviata)	homelia (nct)
Miracula s. Alexii	Miracula s. Alexii		nan
Mt 28, 7-15	Mt 28	 7-15	homelia (nct)
Origenes,  In Mt 70	Origenes	  In Mt 70	sermo
Origenes, Hom. 34 in Lc	Origenes	 Hom. 34 in Lc	nan
Origenes, In Lc 18	Origenes	 In Lc 18	homelia (nct)
Origenes, In Lc 33	Origenes	 In Lc 33	homelia (nct)
Origenes, In Lc 34	Origenes	 In Lc 34	homelia (nct)
Origenes, In Lc, Hom. 16- 17	Origenes	 In Lc, Hom. 16- 17	homelia (nct)
Origenes, In Lc, Hom. 16-17	Origenes	 In Lc, Hom. 16-17	homelia (nct)
Origenes, In Lc, Hom. 17	Origenes	 In Lc, Hom. 17	homelia (nct)
Origenes, In Lc, Hom. 17	Origenes	 In Lc, Hom. 17	nan
Origenes, In Lc, Hom. 18	Origenes	 In Lc, Hom. 18	homelia (nct)
Origenes, In Lc, Hom. 18-20	Origenes	 In Lc, Hom. 18-20	homelia (nct)
Origenes, In Lc, Hom. 29	Origenes	 In Lc, Hom. 29	homelia (nct)
Origenes, In Lc, Hom. 33	Origenes	 In Lc, Hom. 33	nan
Origenes, In Lc, Hom. 34	Origenes	 In Lc, Hom. 34	homelia (nct)
Origenes, In Lc, Hom. 7-8	Origenes	 In Lc, Hom. 7-8	homelia (nct)
Origenes, In Mt 17, 14	Origenes	 In Mt 17, 14	nan
Origenes, In Mt 70-72	Origenes	 In Mt 70-72	homelia (nct)
Origenes, In Mt 70-73	Origenes	 In Mt 70-73	homelia (nct)
Origenes, In Mt 70-73	Origenes	 In Mt 70-73	nan
Origenes, In Mt 72-73	Origenes	 In Mt 72-73	homelia (nct)
Origenes, In Mt XVI, 19-22	Origenes	 In Mt XVI, 19-22	homelia (nct)
Origenes, In Mt XVI, 19-22	Origenes	 In Mt XVI, 19-22	nan
Origenes, In Mt, Hom. 15	Origenes	 In Mt, Hom. 15	homelia (nct)
Origenes/Hieronymus, In Lc, Hom. Hom. 29	Origenes/Hieronymus	 In Lc, Hom. Hom. 29	homelia (nct)
Paschasius Radbertus, De assumptione	Paschasius Radbertus	 De assumptione	homelia (nct)
Passio  Restitutae	Passio  Restitutae		lectio
Passio sancti Polycarpi	Passio sancti Polycarpi		lectio
Passio sanctorum Marii, Marthae, Audifacis et Abacuc martyrum Romae	Passio sanctorum Marii	 Marthae, Audifacis et Abacuc martyrum Romae	lectio
Paulus Diaconus, Hom. 1	Paulus Diaconus	 Hom. 1	homelia (nct)
Paulus Diaconus, Hom. 2	Paulus Diaconus	 Hom. 2	homelia (nct)
Paulus Diaconus, Hom. 2. In Assumptione b. Mariae virg.	Paulus Diaconus	 Hom. 2. In Assumptione b. Mariae virg.	homelia (nct)
Paulus Diaconus, In Mt 18, 23	Paulus Diaconus	 In Mt 18, 23	homelia (nct)
Paulus Diaconus, Miracula s. Benedicti	Paulus Diaconus	 Miracula s. Benedicti	nan
Petrus Chrisologus, S. 145	Petrus Chrisologus	 S. 145	homelia (nct)
Petrus Chrysologus, S. 102	Petrus Chrysologus	 S. 102	homelia (nct)
Petrus Chrysologus, S. 103	Petrus Chrysologus	 S. 103	homelia (nct)
Petrus Chrysologus, S. 106	Petrus Chrysologus	 S. 106	homelia (nct)
Petrus Chrysologus, S. 125	Petrus Chrysologus	 S. 125	homelia (nct)
Petrus Chrysologus, S. 127	Petrus Chrysologus	 S. 127	homelia (nct)
Petrus Chrysologus, S. 143	Petrus Chrysologus	 S. 143	homelia (nct)
Petrus Chrysologus, S. 145	Petrus Chrysologus	 S. 145	homelia (nct)
Petrus Chrysologus, S. 150	Petrus Chrysologus	 S. 150	homelia (nct)
Petrus Chrysologus, S. 179	Petrus Chrysologus	 S. 179	homelia (nct)
Petrus Chrysologus, S. 21	Petrus Chrysologus	 S. 21	nan
Petrus Chrysologus, S. 21	Petrus Chrysologus	 S. 21	homelia (nct)
Petrus Chrysologus, S. 34	Petrus Chrysologus	 S. 34	homelia (nct)
Petrus Chrysologus, S. 43	Petrus Chrysologus	 S. 43	nan
Petrus Chrysologus, S. 50	Petrus Chrysologus	 S. 50	homelia (nct)
Petrus Chrysologus, S. 74, 1-7	Petrus Chrysologus	 S. 74, 1-7	homelia (nct)
Petrus Chrysologus, S. 78	Petrus Chrysologus	 S. 78	homelia (nct)
Petrus Chrysologus, Serm. 145, 7-10	Petrus Chrysologus	 Serm. 145, 7-10	nan
Petrus Damianus, Carm. 130, De omnibus sanctis	Petrus Damianus	 Carm. 130, De omnibus sanctis	versus
Petrus Damianus, Carm. 61	Petrus Damianus	 Carm. 61	versus
Petrus Damianus, Carm. 62	Petrus Damianus	 Carm. 62	versus
Petrus Damianus, Carm. 93	Petrus Damianus	 Carm. 93	versus
Petrus Damianus, Carm. 94, 1-61	Petrus Damianus	 Carm. 94, 1-61	versus
Petrus Damianus, Carm., 93-94	Petrus Damianus	 Carm., 93-94	homelia (nct)
Petrus Damianus, S. 46	Petrus Damianus	 S. 46	homelia (nct)
Petrus Damianus, S. 46, 1-10	Petrus Damianus	 S. 46, 1-10	homelia (nct)
Petrus Damianus, S. 8, In vig. s. Benedicti	Petrus Damianus	 S. 8, In vig. s. Benedicti	homelia (nct)
Petrus Damianus, Sermo 46, 1-2	Petrus Damianus	 Sermo 46, 1-2	homelia (nct)
Proclus Constantinopolitanus, Hom. I. De laudibus s. Mariae (versione latina)	Proclus Constantinopolitanus	 Hom. I. De laudibus s. Mariae (versione latina)	homelia (nct)
Proclus Constantinopolitanus, Oratio V, Laudatio in s. Virginem ac Dei genitricem Mariam	Proclus Constantinopolitanus	 Oratio V, Laudatio in s. Virginem ac Dei genitricem Mariam	oratio
Proclus Constantinopolitanus, Oratio V, Laudatio in s. Virginem ac Dei genitricem Mariam	Proclus Constantinopolitanus	 Oratio V, Laudatio in s. Virginem ac Dei genitricem Mariam	homelia (nct)
Ps.  Chrysostomus, Op. imp. in Mt 40	Ps.  Chrysostomus	 Op. imp. in Mt 40	homelia (nct)
Ps. Ambrosius, S. in Lc V, 1	Ps. Ambrosius	 S. in Lc V, 1	homelia (nct)
Ps. Ambrosius, S. in Lc V, 1	Ps. Ambrosius	 S. in Lc V, 1	nan
Ps. Ambrosius, S. in Lucam, V, 1	Ps. Ambrosius	 S. in Lucam, V, 1	homelia (nct)
Ps. Augustinus,  S. Mai 112, 5-7	Ps. Augustinus	  S. Mai 112, 5-7	homelia (nct)
Ps. Augustinus, De filium viduae unicum resuscitatum; Ps. Fulgentius, S. app. 6 (7)	Ps. Augustinus	 De filium viduae unicum resuscitatum; Ps. Fulgentius, S. app. 6 (7)	homelia (nct)
Ps. Augustinus, Hypomnesticon III, 8	Ps. Augustinus	 Hypomnesticon III, 8	homelia (nct)
Ps. Augustinus, Hypomnesticon, III, 8	Ps. Augustinus	 Hypomnesticon, III, 8	nan
Ps. Augustinus, In Nat. Apostolorum Petri et Pauli	Ps. Augustinus	 In Nat. Apostolorum Petri et Pauli	homelia (nct)
Ps. Augustinus, In purificatione s. Mariae	Ps. Augustinus	 In purificatione s. Mariae	homelia (nct)
Ps. Augustinus, S.	Ps. Augustinus	 S.	homelia (nct)
Ps. Augustinus, S.	Ps. Augustinus	 S.	nan
Ps. Augustinus, S. 104, add.	Ps. Augustinus	 S. 104, add.	homelia (nct)
Ps. Augustinus, S. 119; Ps. Faustus, S. 2; Ps Fulgentius	Ps. Augustinus	 S. 119; Ps. Faustus, S. 2; Ps Fulgentius	homelia (nct)
Ps. Augustinus, S. 122; Ps. Maximus, Hom. Bruni 12	Ps. Augustinus	 S. 122; Ps. Maximus, Hom. Bruni 12	homelia (nct)
Ps. Augustinus, S. 123; Ps. Fulgentius, S. 36	Ps. Augustinus	 S. 123; Ps. Fulgentius, S. 36	homelia (nct)
Ps. Augustinus, S. 134; Ps. Maximus, Hom. Bruni 34	Ps. Augustinus	 S. 134; Ps. Maximus, Hom. Bruni 34	nan
Ps. Augustinus, S. 134; Ps. Maximus, Hom. Bruni 34	Ps. Augustinus	 S. 134; Ps. Maximus, Hom. Bruni 34	homelia (nct)
Ps. Augustinus, S. 135, 1-4 = Maximus, S, 13 A extr.	Ps. Augustinus	 S. 135, 1-4 = Maximus, S, 13 A extr.	homelia (nct)
Ps. Augustinus, S. 135, 1-4 = Maximus, S. 13A  extr.	Ps. Augustinus	 S. 135, 1-4 = Maximus, S. 13A  extr.	homelia (nct)
Ps. Augustinus, S. 138	Ps. Augustinus	 S. 138	homelia (nct)
Ps. Augustinus, S. 144	Ps. Augustinus	 S. 144	homelia (nct)
Ps. Augustinus, S. 145	Ps. Augustinus	 S. 145	homelia (nct)
Ps. Augustinus, S. 158; Ps. Maximus, S. Bruni 6 app.	Ps. Augustinus	 S. 158; Ps. Maximus, S. Bruni 6 app.	homelia (nct)
Ps. Augustinus, S. 160	Ps. Augustinus	 S. 160	homelia (nct)
Ps. Augustinus, S. 162	Ps. Augustinus	 S. 162	homelia (nct)
Ps. Augustinus, S. 175	Ps. Augustinus	 S. 175	homelia (nct)
Ps. Augustinus, S. 179	Ps. Augustinus	 S. 179	homelia (nct)
Ps. Augustinus, S. 185	Ps. Augustinus	 S. 185	nan
Ps. Augustinus, S. 185	Ps. Augustinus	 S. 185	homelia (nct)
Ps. Augustinus, S. 189	Ps. Augustinus	 S. 189	homelia (nct)
Ps. Augustinus, S. 193; S. Caillau II, 32	Ps. Augustinus	 S. 193; S. Caillau II, 32	homelia (nct)
Ps. Augustinus, S. 194, 1-3; Ps. Fulbertus Carnotensis, S. 9, 1-3	Ps. Augustinus	 S. 194, 1-3; Ps. Fulbertus Carnotensis, S. 9, 1-3	homelia (nct)
Ps. Augustinus, S. 194, 3-5; Ps. Fulbertus Carnotensis, S. 9, 3-5	Ps. Augustinus	 S. 194, 3-5; Ps. Fulbertus Carnotensis, S. 9, 3-5	homelia (nct)
Ps. Augustinus, S. 199 = Petrus Chrysologus, S. 91, versione pi lunga	Ps. Augustinus	 S. 199 = Petrus Chrysologus, S. 91, versione pi lunga	homelia (nct)
Ps. Augustinus, S. 199 = Petrus Chrysologus, S. 91, versione pi lunga	Ps. Augustinus	 S. 199 = Petrus Chrysologus, S. 91, versione pi lunga	nan
Ps. Augustinus, S. 2 ex Mai Spic. Rom. VIII; S. Caillau II, app. 26	Ps. Augustinus	 S. 2 ex Mai Spic. Rom. VIII; S. Caillau II, app. 26	homelia (nct)
Ps. Augustinus, S. 200	Ps. Augustinus	 S. 200	homelia (nct)
Ps. Augustinus, S. 205	Ps. Augustinus	 S. 205	homelia (nct)
Ps. Augustinus, S. 205, 1-2	Ps. Augustinus	 S. 205, 1-2	homelia (nct)
Ps. Augustinus, S. 218	Ps. Augustinus	 S. 218	homelia (nct)
Ps. Augustinus, S. 219	Ps. Augustinus	 S. 219	homelia (nct)
Ps. Augustinus, S. 241	Ps. Augustinus	 S. 241	homelia (nct)
Ps. Augustinus, S. 248 = Maximus, S. 38, 4 + S. 39	Ps. Augustinus	 S. 248 = Maximus, S. 38, 4 + S. 39	homelia (nct)
Ps. Augustinus, S. 248 = Maximus, S. 38, 4 + S. 39, 1-4	Ps. Augustinus	 S. 248 = Maximus, S. 38, 4 + S. 39, 1-4	homelia (nct)
Ps. Augustinus, S. 248 = Maximus, S. 38, 4 + S. 39;	Ps. Augustinus	 S. 248 = Maximus, S. 38, 4 + S. 39;	homelia (nct)
Ps. Augustinus, S. 370	Ps. Augustinus	 S. 370	homelia (nct)
Ps. Augustinus, S. 370	Ps. Augustinus	 S. 370	nan
Ps. Augustinus, S. 371	Ps. Augustinus	 S. 371	homelia (nct)
Ps. Augustinus, S. 371, 3-4	Ps. Augustinus	 S. 371, 3-4	homelia (nct)
Ps. Augustinus, S. 372	Ps. Augustinus	 S. 372	homelia (nct)
Ps. Augustinus, S. 374	Ps. Augustinus	 S. 374	homelia (nct)
Ps. Augustinus, S. 382	Ps. Augustinus	 S. 382	homelia (nct)
Ps. Augustinus, S. 79	Ps. Augustinus	 S. 79	homelia (nct)
Ps. Augustinus, S. Caillau I, 1	Ps. Augustinus	 S. Caillau I, 1	homelia (nct)
Ps. Augustinus, S. Caillau I, 1, 1-6 + I, 2, 2-7	Ps. Augustinus	 S. Caillau I, 1, 1-6 + I, 2, 2-7	homelia (nct)
Ps. Augustinus, S. Caillau I, 17	Ps. Augustinus	 S. Caillau I, 17	homelia (nct)
Ps. Augustinus, S. Caillau I, 17	Ps. Augustinus	 S. Caillau I, 17	nan
Ps. Augustinus, S. Caillau I, 18	Ps. Augustinus	 S. Caillau I, 18	homelia (nct)
Ps. Augustinus, S. Caillau I, 19	Ps. Augustinus	 S. Caillau I, 19	homelia (nct)
Ps. Augustinus, S. Caillau I, 2	Ps. Augustinus	 S. Caillau I, 2	homelia (nct)
Ps. Augustinus, S. Caillau I, 2, 1-3	Ps. Augustinus	 S. Caillau I, 2, 1-3	homelia (nct)
Ps. Augustinus, S. Caillau I, 21; Ps. Fulgentius, S. 31 (32)	Ps. Augustinus	 S. Caillau I, 21; Ps. Fulgentius, S. 31 (32)	homelia (nct)
Ps. Augustinus, S. Caillau I, 43	Ps. Augustinus	 S. Caillau I, 43	homelia (nct)
Ps. Augustinus, S. Caillau I, 46	Ps. Augustinus	 S. Caillau I, 46	homelia (nct)
Ps. Augustinus, S. Caillau I, 49	Ps. Augustinus	 S. Caillau I, 49	homelia (nct)
Ps. Augustinus, S. Caillau I, 5	Ps. Augustinus	 S. Caillau I, 5	homelia (nct)
Ps. Augustinus, S. Caillau I, 50	Ps. Augustinus	 S. Caillau I, 50	homelia (nct)
Ps. Augustinus, S. Caillau I, 50	Ps. Augustinus	 S. Caillau I, 50	sermo
Ps. Augustinus, S. Caillau I, 56	Ps. Augustinus	 S. Caillau I, 56	homelia (nct)
Ps. Augustinus, S. Caillau I, app. 1; Caillau II, app. 24; Faustus, S. dubius 26; Ps. Leo, S. 3	Ps. Augustinus	 S. Caillau I, app. 1; Caillau II, app. 24; Faustus, S. dubius 26; Ps. Leo, S. 3	homelia (nct)
Ps. Augustinus, S. Caillau I, app. 1; Caillau II, app. 24; Faustus, S. dubius 26; Ps. Leo, S. 3	Ps. Augustinus	 S. Caillau I, app. 1; Caillau II, app. 24; Faustus, S. dubius 26; Ps. Leo, S. 3	nan
Ps. Augustinus, S. Caillau I, app. 6	Ps. Augustinus	 S. Caillau I, app. 6	homelia (nct)
Ps. Augustinus, S. Caillau II, 12	Ps. Augustinus	 S. Caillau II, 12	homelia (nct)
Ps. Augustinus, S. Caillau II, 12	Ps. Augustinus	 S. Caillau II, 12	nan
Ps. Augustinus, S. Caillau II, 26	Ps. Augustinus	 S. Caillau II, 26	homelia (nct)
Ps. Augustinus, S. Caillau II, 27	Ps. Augustinus	 S. Caillau II, 27	homelia (nct)
Ps. Augustinus, S. Caillau II, 28	Ps. Augustinus	 S. Caillau II, 28	nan
Ps. Augustinus, S. Caillau II, 38	Ps. Augustinus	 S. Caillau II, 38	nan
Ps. Augustinus, S. Caillau II, 38	Ps. Augustinus	 S. Caillau II, 38	homelia (nct)
Ps. Augustinus, S. Caillau II, 59; Ps. Augustinus, S. Mai, 51	Ps. Augustinus	 S. Caillau II, 59; Ps. Augustinus, S. Mai, 51	homelia (nct)
Ps. Augustinus, S. Caillau II, 59; S. Mai, 51	Ps. Augustinus	 S. Caillau II, 59; S. Mai, 51	homelia (nct)
Ps. Augustinus, S. Caillau II, 71; S. Mai 54	Ps. Augustinus	 S. Caillau II, 71; S. Mai 54	homelia (nct)
Ps. Augustinus, S. Caillau II, 73; Mai  52	Ps. Augustinus	 S. Caillau II, 73; Mai  52	homelia (nct)
Ps. Augustinus, S. Caillau II, 73; S. Mai 52	Ps. Augustinus	 S. Caillau II, 73; S. Mai 52	homelia (nct)
Ps. Augustinus, S. Caillau II, 78	Ps. Augustinus	 S. Caillau II, 78	homelia (nct)
Ps. Augustinus, S. Caillau II, 79	Ps. Augustinus	 S. Caillau II, 79	homelia (nct)
Ps. Augustinus, S. Caillau II, 80	Ps. Augustinus	 S. Caillau II, 80	homelia (nct)
Ps. Augustinus, S. Caillau II, 87	Ps. Augustinus	 S. Caillau II, 87	homelia (nct)
Ps. Augustinus, S. Caillau II, 87	Ps. Augustinus	 S. Caillau II, 87	nan
Ps. Augustinus, S. Caillau II, app. 21; S. Mai 111	Ps. Augustinus	 S. Caillau II, app. 21; S. Mai 111	homelia (nct)
Ps. Augustinus, S. Caillau II, app. 22	Ps. Augustinus	 S. Caillau II, app. 22	homelia (nct)
Ps. Augustinus, S. Caillau II, app. 67; Ps. Leo, S. 16	Ps. Augustinus	 S. Caillau II, app. 67; Ps. Leo, S. 16	homelia (nct)
Ps. Augustinus, S. Caillau II, app. 69	Ps. Augustinus	 S. Caillau II, app. 69	homelia (nct)
Ps. Augustinus, S. Caillau II, app. 79	Ps. Augustinus	 S. Caillau II, app. 79	homelia (nct)
Ps. Augustinus, S. Fontani 3; Ps. Maximus, S. Bruni, app. 2	Ps. Augustinus	 S. Fontani 3; Ps. Maximus, S. Bruni, app. 2	homelia (nct)
Ps. Augustinus, S. Frangipane 10	Ps. Augustinus	 S. Frangipane 10	homelia (nct)
Ps. Augustinus, S. Mai 112	Ps. Augustinus	 S. Mai 112	homelia (nct)
Ps. Augustinus, S. Mai 112, 1-4	Ps. Augustinus	 S. Mai 112, 1-4	homelia (nct)
Ps. Augustinus, S. Mai 163	Ps. Augustinus	 S. Mai 163	homelia (nct)
Ps. Augustinus, S. Mai 168	Ps. Augustinus	 S. Mai 168	homelia (nct)
Ps. Augustinus, S. Mai 3	Ps. Augustinus	 S. Mai 3	nan
Ps. Augustinus, S. Mai 36 = S. Liverani 6; Ps. Leo	Ps. Augustinus	 S. Mai 36 = S. Liverani 6; Ps. Leo	homelia (nct)
Ps. Augustinus, S. Mai 37	Ps. Augustinus	 S. Mai 37	homelia (nct)
Ps. Augustinus, S. Mai 37; Ps. Leo; Ps. Severianus	Ps. Augustinus	 S. Mai 37; Ps. Leo; Ps. Severianus	homelia (nct)
Ps. Augustinus, S. Mai 37; Ps. Leo; Ps. Severianus	Ps. Augustinus	 S. Mai 37; Ps. Leo; Ps. Severianus	nan
Ps. Augustinus, S. Mai 4	Ps. Augustinus	 S. Mai 4	nan
Ps. Augustinus, S. Mai 56; S. Caillau, II, 77	Ps. Augustinus	 S. Mai 56; S. Caillau, II, 77	homelia (nct)
Ps. Augustinus, S. Mai 59 = Centone agostiniano	Ps. Augustinus	 S. Mai 59 = Centone agostiniano	homelia (nct)
Ps. Augustinus, S. Mai 76	Ps. Augustinus	 S. Mai 76	homelia (nct)
Ps. Augustinus, S. Mai, 110	Ps. Augustinus	 S. Mai, 110	homelia (nct)
Ps. Augustinus, S. Mai, 153	Ps. Augustinus	 S. Mai, 153	homelia (nct)
Ps. Augustinus, S. Mai, 55; Caillau app. II, 65	Ps. Augustinus	 S. Mai, 55; Caillau app. II, 65	homelia (nct)
Ps. Augustinus, S. app. 128, 1-2	Ps. Augustinus	 S. app. 128, 1-2	homelia (nct)
Ps. Augustinus, S. app. 128, 1-6	Ps. Augustinus	 S. app. 128, 1-6	homelia (nct)
Ps. Augustinus, S. app. 128, 2-6	Ps. Augustinus	 S. app. 128, 2-6	homelia (nct)
Ps. Augustinus, S. app. 155	Ps. Augustinus	 S. app. 155	homelia (nct)
Ps. Augustinus, S. app. 177 =  Caesarius, S. 210	Ps. Augustinus	 S. app. 177 =  Caesarius, S. 210	homelia (nct)
Ps. Augustinus, S. app. 177 =  Caesarius, S. 210	Ps. Augustinus	 S. app. 177 =  Caesarius, S. 210	nan
Ps. Augustinus, S. app. 184	Ps. Augustinus	 S. app. 184	homelia (nct)
Ps. Augustinus, S. app. 184;	Ps. Augustinus	 S. app. 184;	homelia (nct)
Ps. Augustinus, S. app. 186	Ps. Augustinus	 S. app. 186	homelia (nct)
Ps. Augustinus, S. app. 194; Ps. Fulbertus Carnotensis, S. 9	Ps. Augustinus	 S. app. 194; Ps. Fulbertus Carnotensis, S. 9	homelia (nct)
Ps. Augustinus, S. app. 194; Ps. Fulbertus Carnotensis, S. 9	Ps. Augustinus	 S. app. 194; Ps. Fulbertus Carnotensis, S. 9	nan
Ps. Augustinus, S. app. 207	Ps. Augustinus	 S. app. 207	homelia (nct)
Ps. Augustinus, S. app. 210 = Ps. Maximus, S. Bruni 85 + Caesarius, S. 219	Ps. Augustinus	 S. app. 210 = Ps. Maximus, S. Bruni 85 + Caesarius, S. 219	homelia (nct)
Ps. Augustinus, S. app. 215; Ps. Fulgentius, S. app. 2	Ps. Augustinus	 S. app. 215; Ps. Fulgentius, S. app. 2	homelia (nct)
Ps. Augustinus, S. app. 245	Ps. Augustinus	 S. app. 245	homelia (nct)
Ps. Augustinus, S. app. 245	Ps. Augustinus	 S. app. 245	nan
Ps. Augustinus, S. app. 245, 3-5	Ps. Augustinus	 S. app. 245, 3-5	homelia (nct)
Ps. Augustinus, S. app. 251	Ps. Augustinus	 S. app. 251	homelia (nct)
Ps. Augustinus, S. de cruce	Ps. Augustinus	 S. de cruce	homelia (nct)
Ps. Augustinus, S. de natale Domini	Ps. Augustinus	 S. de natale Domini	homelia (nct)
Ps. Augustinus, S. in pur. s. Mariae	Ps. Augustinus	 S. in pur. s. Mariae	homelia (nct)
Ps. Augustinus, S.; Ps. Leo, S. 4 = Cai S. 1	Ps. Augustinus	 S.; Ps. Leo, S. 4 = Cai S. 1	homelia (nct)
Ps. Augustinus, S.; Ps. Leo, S. 4 = Cai S. 1	Ps. Augustinus	 S.; Ps. Leo, S. 4 = Cai S. 1	nan
Ps. Augustinus, Serm. 104 additamentum	Ps. Augustinus	 Serm. 104 additamentum	homelia (nct)
Ps. Augustinus, Serm. 216	Ps. Augustinus	 Serm. 216	nan
Ps. Beda, Hom.	Ps. Beda	 Hom.	homelia (nct)
Ps. Beda, Hom. III, 70	Ps. Beda	 Hom. III, 70	homelia (nct)
Ps. Beda, Hom. III, 71	Ps. Beda	 Hom. III, 71	homelia (nct)
Ps. Beda, Hom. Luculenti, 120	Ps. Beda	 Hom. Luculenti, 120	homelia (nct)
Ps. Beda, S.	Ps. Beda	 S.	homelia (nct)
Ps. Beda, S.	Ps. Beda	 S.	nan
Ps. Chrysologus, S. 11 de Nativ. Domini	Ps. Chrysologus	 S. 11 de Nativ. Domini	homelia (nct)
Ps. Chrysostomus, De muliere Chananaea (trad. di Laurentius episcopus Novarum)	Ps. Chrysostomus	 De muliere Chananaea (trad. di Laurentius episcopus Novarum)	homelia (nct)
Ps. Chrysostomus, Hom. 21	Ps. Chrysostomus	 Hom. 21	homelia (nct)
Ps. Chrysostomus, Hom. 28	Ps. Chrysostomus	 Hom. 28	homelia (nct)
Ps. Chrysostomus, In Pentecosten, S. 1	Ps. Chrysostomus	 In Pentecosten, S. 1	homelia (nct)
Ps. Chrysostomus, Op. imp. In Mt 37	Ps. Chrysostomus	 Op. imp. In Mt 37	homelia (nct)
Ps. Chrysostomus, Op. imp. in Matth. 37	Ps. Chrysostomus	 Op. imp. in Matth. 37	homelia (nct)
Ps. Chrysostomus, Op. imp. in Mt   42	Ps. Chrysostomus	 Op. imp. in Mt   42	homelia (nct)
Ps. Chrysostomus, Op. imp. in Mt 2	Ps. Chrysostomus	 Op. imp. in Mt 2	homelia (nct)
Ps. Chrysostomus, Op. imp. in Mt 22	Ps. Chrysostomus	 Op. imp. in Mt 22	homelia (nct)
Ps. Chrysostomus, Op. imp. in Mt 34	Ps. Chrysostomus	 Op. imp. in Mt 34	homelia (nct)
Ps. Chrysostomus, Op. imp. in Mt 35	Ps. Chrysostomus	 Op. imp. in Mt 35	homelia (nct)
Ps. Chrysostomus, Op. imp. in Mt 35	Ps. Chrysostomus	 Op. imp. in Mt 35	nan
Ps. Chrysostomus, Op. imp. in Mt 38	Ps. Chrysostomus	 Op. imp. in Mt 38	homelia (nct)
Ps. Chrysostomus, Op. imp. in Mt 38	Ps. Chrysostomus	 Op. imp. in Mt 38	nan
Ps. Chrysostomus, Op. imp. in Mt 38	Ps. Chrysostomus	 Op. imp. in Mt 38	sermo
Ps. Chrysostomus, Op. imp. in Mt 40	Ps. Chrysostomus	 Op. imp. in Mt 40	homelia (nct)
Ps. Chrysostomus, Op. imp. in Mt 40	Ps. Chrysostomus	 Op. imp. in Mt 40	nan
Ps. Chrysostomus, Op. imp. in Mt 42	Ps. Chrysostomus	 Op. imp. in Mt 42	homelia (nct)
Ps. Chrysostomus, Op. imp. in Mt 42	Ps. Chrysostomus	 Op. imp. in Mt 42	nan
Ps. Chrysostomus, Op. imp. in Mt 43	Ps. Chrysostomus	 Op. imp. in Mt 43	homelia (nct)
Ps. Chrysostomus, Op. imp. in Mt 43	Ps. Chrysostomus	 Op. imp. in Mt 43	nan
Ps. Chrysostomus, S.	Ps. Chrysostomus	 S.	homelia (nct)
Ps. Chrysostomus, S. 110 in nat. s. Pauli	Ps. Chrysostomus	 S. 110 in nat. s. Pauli	nan
Ps. Chrysostomus, S. 110 in nat. s. Pauli	Ps. Chrysostomus	 S. 110 in nat. s. Pauli	homelia (nct)
Ps. Chrysostomus, S. 111	Ps. Chrysostomus	 S. 111	homelia (nct)
Ps. Chrysostomus, S. 14 (= Hom. 9)	Ps. Chrysostomus	 S. 14 (= Hom. 9)	homelia (nct)
Ps. Chrysostomus, S. 16 De decollatione s. Iohannis	Ps. Chrysostomus	 S. 16 De decollatione s. Iohannis	homelia (nct)
Ps. Chrysostomus, S. 17 de misericordia et duabus mulieribus viduis	Ps. Chrysostomus	 S. 17 de misericordia et duabus mulieribus viduis	homelia (nct)
Ps. Chrysostomus, S. in venerabilem crucem	Ps. Chrysostomus	 S. in venerabilem crucem	homelia (nct)
Ps. Chrysostomus, in Ps 50, Hom. 2	Ps. Chrysostomus	 in Ps 50, Hom. 2	homelia (nct)
Ps. Chrysostomus , S. 111	Ps. Chrysostomus 	 S. 111	homelia (nct)
Ps. Cyprianus, Tract. de revel. capitis Iohannis Baptistae	Ps. Cyprianus	 Tract. de revel. capitis Iohannis Baptistae	homelia (nct)
Ps. Ephraem, S. in transfiguratione Domini	Ps. Ephraem	 S. in transfiguratione Domini	homelia (nct)
Ps. Eusebius, Hom. 28	Ps. Eusebius	 Hom. 28	homelia (nct)
Ps. Eusebius, S. 5 extr.	Ps. Eusebius	 S. 5 extr.	homelia (nct)
Ps. Faustus, Hom. 7, De Epiphania	Ps. Faustus	 Hom. 7, De Epiphania	homelia (nct)
Ps. Hieronymus, Ep. 27 = Hieronymus, S. De quadragesima	Ps. Hieronymus	 Ep. 27 = Hieronymus, S. De quadragesima	homelia (nct)
Ps. Hieronymus, Ep. 35 = Ps. Chrysostomus, Hom. 33	Ps. Hieronymus	 Ep. 35 = Ps. Chrysostomus, Hom. 33	homelia (nct)
Ps. Hieronymus, S. De quadragesima = Ep. 27	Ps. Hieronymus	 S. De quadragesima = Ep. 27	nan
Ps. Hieronymus, S. De quadragesima = Ep. 27	Ps. Hieronymus	 S. De quadragesima = Ep. 27	homelia (nct)
Ps. Hilarius, S.	Ps. Hilarius	 S.	homelia (nct)
Ps. Hilarius, S. de paralytico	Ps. Hilarius	 S. de paralytico	homelia (nct)
Ps. Hilarius, S. de paralytico	Ps. Hilarius	 S. de paralytico	nan
Ps. Hilarius, Tract. I	Ps. Hilarius	 Tract. I	homelia (nct)
Ps. Hilarius, Tract. I, 1	Ps. Hilarius	 Tract. I, 1	homelia (nct)
Ps. Hilarius, Tract. I, 1, 1-4	Ps. Hilarius	 Tract. I, 1, 1-4	homelia (nct)
Ps. Hilarius, Tract. I, 2	Ps. Hilarius	 Tract. I, 2	homelia (nct)
Ps. Hilarius Pictaviensis, S.	Ps. Hilarius Pictaviensis	 S.	homelia (nct)
Ps. Hildephonsus, S. 7	Ps. Hildephonsus	 S. 7	homelia (nct)
Ps. Hildephonsus, S. 7	Ps. Hildephonsus	 S. 7	nan
Ps. Ildephonsus, S. 8	Ps. Ildephonsus	 S. 8	homelia (nct)
Ps. Isidorus, S. 3, 4-8	Ps. Isidorus	 S. 3, 4-8	homelia (nct)
Ps. Leo, De dominica ascensione	Ps. Leo	 De dominica ascensione	homelia (nct)
Ps. Leo, S. 17	Ps. Leo	 S. 17	homelia (nct)
Ps. Leo, S. 8	Ps. Leo	 S. 8	homelia (nct)
Ps. Leo, S. 8 = Ps. Chrysostomus, S. 10	Ps. Leo	 S. 8 = Ps. Chrysostomus, S. 10	homelia (nct)
Ps. Leo, S. 9 = Ps. Augustinus, S. Caillau I, 22	Ps. Leo	 S. 9 = Ps. Augustinus, S. Caillau I, 22	nan
Ps. Leo, S. 9 = Ps. Augustinus, S. Caillau I, 22	Ps. Leo	 S. 9 = Ps. Augustinus, S. Caillau I, 22	homelia (nct)
Ps. Leo, S. Casin. II, De ascensione	Ps. Leo	 S. Casin. II, De ascensione	homelia (nct)
Ps. Leo, S. in paschali solemnitate; Ps. Maximus, S. Bruni 38	Ps. Leo	 S. in paschali solemnitate; Ps. Maximus, S. Bruni 38	homelia (nct)
Ps. Leo, S. in pashali solemnitate; Ps. Maximus, S. Bruni 38	Ps. Leo	 S. in pashali solemnitate; Ps. Maximus, S. Bruni 38	nan
Ps. Leo, S.; Ps. Maximus, S. Bruni 37	Ps. Leo	 S.; Ps. Maximus, S. Bruni 37	homelia (nct)
Ps. Leo, Serm. Casin. II, De ascensione	Ps. Leo	 Serm. Casin. II, De ascensione	homelia (nct)
Ps. Leo; Ps. Maximus, Hom. Bruni 39	Ps. Leo; Ps. Maximus	 Hom. Bruni 39	homelia (nct)
Ps. Leo; Ps. Maximus, Hom. Bruni 39	Ps. Leo; Ps. Maximus	 Hom. Bruni 39	nan
Ps. Leo; Ps. Maximus, S. Bruni 37	Ps. Leo; Ps. Maximus	 S. Bruni 37	homelia (nct)
Ps. Leo; Ps. Maximus, S. Bruni 37	Ps. Leo; Ps. Maximus	 S. Bruni 37	nan
Ps. Maximus, Hom. Bruni 10	Ps. Maximus	 Hom. Bruni 10	homelia (nct)
Ps. Maximus, Hom. Bruni 13	Ps. Maximus	 Hom. Bruni 13	nan
Ps. Maximus, Hom. Bruni 14	Ps. Maximus	 Hom. Bruni 14	homelia (nct)
Ps. Maximus, Hom. Bruni 15	Ps. Maximus	 Hom. Bruni 15	homelia (nct)
Ps. Maximus, Hom. Bruni 16	Ps. Maximus	 Hom. Bruni 16	homelia (nct)
Ps. Maximus, Hom. Bruni 23	Ps. Maximus	 Hom. Bruni 23	homelia (nct)
Ps. Maximus, Hom. Bruni 25	Ps. Maximus	 Hom. Bruni 25	homelia (nct)
Ps. Maximus, Hom. Bruni 26	Ps. Maximus	 Hom. Bruni 26	homelia (nct)
Ps. Maximus, Hom. Bruni 27	Ps. Maximus	 Hom. Bruni 27	homelia (nct)
Ps. Maximus, Hom. Bruni 28	Ps. Maximus	 Hom. Bruni 28	homelia (nct)
Ps. Maximus, Hom. Bruni 29	Ps. Maximus	 Hom. Bruni 29	homelia (nct)
Ps. Maximus, Hom. Bruni 35	Ps. Maximus	 Hom. Bruni 35	homelia (nct)
Ps. Maximus, Hom. Bruni 36	Ps. Maximus	 Hom. Bruni 36	homelia (nct)
Ps. Maximus, Hom. Bruni 65	Ps. Maximus	 Hom. Bruni 65	homelia (nct)
Ps. Maximus, Hom. Bruni 66	Ps. Maximus	 Hom. Bruni 66	homelia (nct)
Ps. Maximus, Hom. Bruni 66	Ps. Maximus	 Hom. Bruni 66	nan
Ps. Maximus, Hom. Bruni 67	Ps. Maximus	 Hom. Bruni 67	homelia (nct)
Ps. Maximus, Hom. Bruni 68	Ps. Maximus	 Hom. Bruni 68	homelia (nct)
Ps. Maximus, Hom. Bruni 68-71, excerpta	Ps. Maximus	 Hom. Bruni 68-71, excerpta	homelia (nct)
Ps. Maximus, Hom. Bruni 69	Ps. Maximus	 Hom. Bruni 69	homelia (nct)
Ps. Maximus, Hom. Bruni 70	Ps. Maximus	 Hom. Bruni 70	homelia (nct)
Ps. Maximus, Hom. Bruni 71	Ps. Maximus	 Hom. Bruni 71	homelia (nct)
Ps. Maximus, Hom. Bruni 74	Ps. Maximus	 Hom. Bruni 74	homelia (nct)
Ps. Maximus, Hom. Bruni 75	Ps. Maximus	 Hom. Bruni 75	homelia (nct)
Ps. Maximus, Hom. Bruni 76	Ps. Maximus	 Hom. Bruni 76	homelia (nct)
Ps. Maximus, Hom. Bruni 77	Ps. Maximus	 Hom. Bruni 77	homelia (nct)
Ps. Maximus, Hom. Bruni 82	Ps. Maximus	 Hom. Bruni 82	homelia (nct)
Ps. Maximus, Hom. app. III	Ps. Maximus	 Hom. app. III	homelia (nct)
Ps. Maximus, Hom.Bruni 70 (parte finale)	Ps. Maximus	 Hom.Bruni 70 (parte finale)	homelia (nct)
Ps. Maximus, S.	Ps. Maximus	 S.	homelia (nct)
Ps. Maximus, S. 108	Ps. Maximus	 S. 108	homelia (nct)
Ps. Maximus, S. 44	Ps. Maximus	 S. 44	homelia (nct)
Ps. Maximus, S. 56 (Cfr. Ps. Ambrosius, S. 48)	Ps. Maximus	 S. 56 (Cfr. Ps. Ambrosius, S. 48)	homelia (nct)
Ps. Maximus, S. 56; Ps. Ambrosius, S. 48	Ps. Maximus	 S. 56; Ps. Ambrosius, S. 48	homelia (nct)
Ps. Maximus, S. 62	Ps. Maximus	 S. 62	homelia (nct)
Ps. Maximus, S. 66	Ps. Maximus	 S. 66	homelia (nct)
Ps. Maximus, S. 67	Ps. Maximus	 S. 67	homelia (nct)
Ps. Maximus, S. 71	Ps. Maximus	 S. 71	homelia (nct)
Ps. Maximus, S. 73	Ps. Maximus	 S. 73	homelia (nct)
Ps. Maximus, S. 79	Ps. Maximus	 S. 79	homelia (nct)
Ps. Maximus, S. 80	Ps. Maximus	 S. 80	homelia (nct)
Ps. Maximus, S. 83	Ps. Maximus	 S. 83	homelia (nct)
Ps. Maximus, S. App. 22	Ps. Maximus	 S. App. 22	homelia (nct)
Ps. Maximus, S. Bruni 105	Ps. Maximus	 S. Bruni 105	homelia (nct)
Ps. Maximus, S. Bruni 29	Ps. Maximus	 S. Bruni 29	homelia (nct)
Ps. Maximus, S. Bruni 78	Ps. Maximus	 S. Bruni 78	nan
Ps. Maximus, S. Casin. 1 ante Natalem Domini	Ps. Maximus	 S. Casin. 1 ante Natalem Domini	homelia (nct)
Ps. Maximus, S. app. 24	Ps. Maximus	 S. app. 24	homelia (nct)
Ps. Maximus, S. app. 26	Ps. Maximus	 S. app. 26	homelia (nct)
Ps. Maximus, S. app. 29	Ps. Maximus	 S. app. 29	nan
Ps. Maximus, S. in dedicatione ecclesiae	Ps. Maximus	 S. in dedicatione ecclesiae	homelia (nct)
Ps. Maximus Taurinensis, Hom. app. 2	Ps. Maximus Taurinensis	 Hom. app. 2	homelia (nct)
Ps. Maximus Taurinensis, Hom. app. I	Ps. Maximus Taurinensis	 Hom. app. I	homelia (nct)
Ps. Maximus Taurinensis, Hom. app. III	Ps. Maximus Taurinensis	 Hom. app. III	homelia (nct)
Ps. Maximus Taurinensis, S. 108	Ps. Maximus Taurinensis	 S. 108	homelia (nct)
Ps. Melito, Vita Iohannis	Ps. Melito	 Vita Iohannis	lectio
Ps. Melito, Vita Iohannis apostoli et evangelistae	Ps. Melito	 Vita Iohannis apostoli et evangelistae	lectio
Ps. Origenes, Hom. 2 ,  In Mt 2, 13-18	Ps. Origenes	 Hom. 2 ,  In Mt 2, 13-18	homelia (nct)
Ps. Origenes, Hom. 2 In Mt  2, 13-18	Ps. Origenes	 Hom. 2 In Mt  2, 13-18	homelia (nct)
Ps. Origenes, Hom. 2, In Mt 2, 13-18	Ps. Origenes	 Hom. 2, In Mt 2, 13-18	homelia (nct)
Ps. Origenes, Hom. 3 In Mt 5, 43	Ps. Origenes	 Hom. 3 In Mt 5, 43	homelia (nct)
Ps. Origenes, Hom. 3,  In Mt 5, 43	Ps. Origenes	 Hom. 3,  In Mt 5, 43	homelia (nct)
Ps. Origenes, Hom. 3, In Mt 5, 43	Ps. Origenes	 Hom. 3, In Mt 5, 43	homelia (nct)
Ps. Origenes, Hom. 4,  In Mt 6, 15-19	Ps. Origenes	 Hom. 4,  In Mt 6, 15-19	homelia (nct)
Ps. Origenes, Hom. 4, In Mt 6, 15-19	Ps. Origenes	 Hom. 4, In Mt 6, 15-19	homelia (nct)
Ps. Origenes, Hom. 5,  In Mt 7, 15-21	Ps. Origenes	 Hom. 5,  In Mt 7, 15-21	homelia (nct)
Ps. Origenes, Hom. 5, In Mt 7, 15-21	Ps. Origenes	 Hom. 5, In Mt 7, 15-21	homelia (nct)
Ps. Origenes, Hom. 5, In Mt, 7, 15-21	Ps. Origenes	 Hom. 5, In Mt, 7, 15-21	nan
Ps. Origenes, Hom. 6,  In Mt 8, 1-13	Ps. Origenes	 Hom. 6,  In Mt 8, 1-13	homelia (nct)
Ps. Origenes, Hom. 6, In Mt 8, 1-13	Ps. Origenes	 Hom. 6, In Mt 8, 1-13	homelia (nct)
Ps. Origenes, Hom. 7,  In Mt 8, 23-25	Ps. Origenes	 Hom. 7,  In Mt 8, 23-25	homelia (nct)
Ps. Origenes, Hom. 7,  In Mt 8, 23-27	Ps. Origenes	 Hom. 7,  In Mt 8, 23-27	homelia (nct)
Ps. Origenes, Hom. 7, In Mt 8, 23-27	Ps. Origenes	 Hom. 7, In Mt 8, 23-27	homelia (nct)
Ps. Origenes, Hom. 8, In Mt 12, 38	Ps. Origenes	 Hom. 8, In Mt 12, 38	homelia (nct)
Ps. Origenes, Hom. 8, In Mt 12, 38	Ps. Origenes	 Hom. 8, In Mt 12, 38	nan
Ps. Origenes, Hom. VIII in Matth. 12, 38	Ps. Origenes	 Hom. VIII in Matth. 12, 38	nan
Ps. Origenes., Hom. 6,  In Mt 8, 1-13	Ps. Origenes.	 Hom. 6,  In Mt 8, 1-13	homelia (nct)
Ps. Severianus Gabalensis, S. Liverani 6	Ps. Severianus Gabalensis	 S. Liverani 6	nan
Quodvultdeus, Contra Iudaeos, XI-XVI, 5 ;  XVII, 1	Quodvultdeus	 Contra Iudaeos, XI-XVI, 5 ;  XVII, 1	homelia (nct)
Quodvultdeus, Contra Iudaeos, XI-XVI, 5; XVII, 1	Quodvultdeus	 Contra Iudaeos, XI-XVI, 5; XVII, 1	homelia (nct)
Quodvultdeus, Contra Iudaeos, XI-XVI, 5; XVII, 1	Quodvultdeus	 Contra Iudaeos, XI-XVI, 5; XVII, 1	nan
Quodvultdeus, Contra Iudaeos, XI-XVI, 5; cfr. XVII, 1	Quodvultdeus	 Contra Iudaeos, XI-XVI, 5; cfr. XVII, 1	homelia (nct)
Remigius Autissiodorensis, Hom. 6	Remigius Autissiodorensis	 Hom. 6	homelia (nct)
Remigius Autissiodorensis, Hom. 6 (con varianti)	Remigius Autissiodorensis	 Hom. 6 (con varianti)	homelia (nct)
S.	S.		homelia (nct)
S.	S.		nan
S. de nativitate Domini	S. de nativitate Domini		homelia (nct)
S. in Natali Domini	S. in Natali Domini		homelia (nct)
S. in Transfiguratione	S. in Transfiguratione		nan
S. s. Mariae de puero hebraeo	S. s. Mariae de puero hebraeo		homelia (nct)
S. s. Mariae de puero hebraeo	S. s. Mariae de puero hebraeo		nan
Severianus Gabalensis (?), S. de cruce et latrone	Severianus Gabalensis	 S. de cruce et latrone	homelia (nct)
Severianus Gabalensis?	Severianus Gabalensis?		homelia (nct)
Smaragdus, In epist. et ev.,  Gal. IV	Smaragdus	 In epist. et ev.,  Gal. IV	homelia (nct)
Smaragdus, In epist. et ev., Gal IV	Smaragdus	 In epist. et ev., Gal IV	homelia (nct)
Smaragdus, In epist. et ev., Gal V	Smaragdus	 In epist. et ev., Gal V	homelia (nct)
Smaragdus, In epist. et ev., Mt 28	Smaragdus	 In epist. et ev., Mt 28	homelia (nct)
Sulpicius Severus, Dial. I, 1, 1-19, 6	Sulpicius Severus	 Dial. I, 1, 1-19, 6	lectio
Testo non identificato	Testo non identificato		nan
Testo non identificato	Testo non identificato		lectio
Testo non identificato	Testo non identificato		homelia (nct)
Translatio  Marci ep.	Translatio  Marci ep.		lectio
Versus de s. Menna	Versus de s. Menna		versus
Vita  s.  Silvestri	Vita  s.  Silvestri		lectio
Vita Leonardi	Vita Leonardi		lectio
Vita s. Mauri	Vita s. Mauri		nan
cfr. Beda, In Ioh 3; (Augustinus, Tract. in Ioh. 12, 12-13)	cfr. Beda	 In Ioh 3; (Augustinus, Tract. in Ioh. 12, 12-13)	homelia (nct)
cfr. Ps. Augustinus, S. Mai 37	cfr. Ps. Augustinus	 S. Mai 37	homelia (nct)
cfr. Ps. Augustinus, s. 245, 2	cfr. Ps. Augustinus	 s. 245, 2	homelia (nct)
cfr. Ps. Augustinus, s. 245, 3-4	cfr. Ps. Augustinus	 s. 245, 3-4	homelia (nct)
testo non identificato	testo non identificato		nan
testo non identificato	testo non identificato		homelia (nct)
